flat_key,flat_type,flat_model,storey_range,floor_area_sqm,floor_area_sqm_bins
1,1 ROOM,Improved,01 TO 03,31,20
2,1 ROOM,Improved,04 TO 06,31,20
3,1 ROOM,Improved,10 TO 12,31,20
4,2 ROOM,2-room,01 TO 03,38,20
5,2 ROOM,2-room,01 TO 03,44,40
6,2 ROOM,2-room,01 TO 03,47,40
7,2 ROOM,2-room,04 TO 06,37,20
8,2 ROOM,2-room,04 TO 06,38,20
9,2 ROOM,2-room,04 TO 06,47,40
10,2 ROOM,2-room,07 TO 09,37,20
11,2 ROOM,2-room,07 TO 09,40,40
12,2 ROOM,2-room,07 TO 09,43,40
13,2 ROOM,2-room,07 TO 09,47,40
14,2 ROOM,2-room,10 TO 12,47,40
15,2 ROOM,2-room,13 TO 15,47,40
16,2 ROOM,2-room,16 TO 18,47,40
17,2 ROOM,2-room,19 TO 21,46,40
18,2 ROOM,2-room,19 TO 21,47,40
19,2 ROOM,2-room,22 TO 24,47,40
20,2 ROOM,2-room,25 TO 27,47,40
21,2 ROOM,Improved,01 TO 03,40,40
22,2 ROOM,Improved,01 TO 03,44,40
23,2 ROOM,Improved,01 TO 03,45,40
24,2 ROOM,Improved,04 TO 06,40,40
25,2 ROOM,Improved,04 TO 06,41,40
26,2 ROOM,Improved,04 TO 06,44,40
27,2 ROOM,Improved,04 TO 06,45,40
28,2 ROOM,Improved,04 TO 06,49,40
29,2 ROOM,Improved,04 TO 06,54,40
30,2 ROOM,Improved,04 TO 06,55,40
31,2 ROOM,Improved,07 TO 09,44,40
32,2 ROOM,Improved,07 TO 09,45,40
33,2 ROOM,Improved,07 TO 09,53,40
34,2 ROOM,Improved,07 TO 09,54,40
35,2 ROOM,Improved,07 TO 09,57,40
36,2 ROOM,Improved,10 TO 12,40,40
37,2 ROOM,Improved,10 TO 12,41,40
38,2 ROOM,Improved,10 TO 12,42,40
39,2 ROOM,Improved,10 TO 12,44,40
40,2 ROOM,Improved,10 TO 12,45,40
41,2 ROOM,Improved,10 TO 12,54,40
42,2 ROOM,Improved,13 TO 15,45,40
43,2 ROOM,Model A,01 TO 03,37,20
44,2 ROOM,Model A,01 TO 03,38,20
45,2 ROOM,Model A,01 TO 03,40,40
46,2 ROOM,Model A,01 TO 03,44,40
47,2 ROOM,Model A,01 TO 03,45,40
48,2 ROOM,Model A,01 TO 03,46,40
49,2 ROOM,Model A,01 TO 03,47,40
50,2 ROOM,Model A,01 TO 03,48,40
51,2 ROOM,Model A,01 TO 03,50,40
52,2 ROOM,Model A,04 TO 06,37,20
53,2 ROOM,Model A,04 TO 06,38,20
54,2 ROOM,Model A,04 TO 06,44,40
55,2 ROOM,Model A,04 TO 06,45,40
56,2 ROOM,Model A,04 TO 06,46,40
57,2 ROOM,Model A,04 TO 06,47,40
58,2 ROOM,Model A,04 TO 06,48,40
59,2 ROOM,Model A,04 TO 06,50,40
60,2 ROOM,Model A,07 TO 09,37,20
61,2 ROOM,Model A,07 TO 09,38,20
62,2 ROOM,Model A,07 TO 09,40,40
63,2 ROOM,Model A,07 TO 09,44,40
64,2 ROOM,Model A,07 TO 09,46,40
65,2 ROOM,Model A,07 TO 09,47,40
66,2 ROOM,Model A,07 TO 09,48,40
67,2 ROOM,Model A,07 TO 09,50,40
68,2 ROOM,Model A,10 TO 12,37,20
69,2 ROOM,Model A,10 TO 12,38,20
70,2 ROOM,Model A,10 TO 12,40,40
71,2 ROOM,Model A,10 TO 12,44,40
72,2 ROOM,Model A,10 TO 12,46,40
73,2 ROOM,Model A,10 TO 12,47,40
74,2 ROOM,Model A,10 TO 12,48,40
75,2 ROOM,Model A,13 TO 15,37,20
76,2 ROOM,Model A,13 TO 15,38,20
77,2 ROOM,Model A,13 TO 15,44,40
78,2 ROOM,Model A,13 TO 15,46,40
79,2 ROOM,Model A,13 TO 15,47,40
80,2 ROOM,Model A,13 TO 15,48,40
81,2 ROOM,Model A,16 TO 18,38,20
82,2 ROOM,Model A,16 TO 18,44,40
83,2 ROOM,Model A,16 TO 18,46,40
84,2 ROOM,Model A,16 TO 18,47,40
85,2 ROOM,Model A,16 TO 18,50,40
86,2 ROOM,Model A,19 TO 21,38,20
87,2 ROOM,Model A,19 TO 21,46,40
88,2 ROOM,Model A,19 TO 21,47,40
89,2 ROOM,Model A,22 TO 24,46,40
90,2 ROOM,Model A,22 TO 24,47,40
91,2 ROOM,Model A,25 TO 27,46,40
92,2 ROOM,Model A,25 TO 27,47,40
93,2 ROOM,Model A,28 TO 30,47,40
94,2 ROOM,Premium Apartment,01 TO 03,46,40
95,2 ROOM,Standard,01 TO 03,38,20
96,2 ROOM,Standard,01 TO 03,40,40
97,2 ROOM,Standard,01 TO 03,43,40
98,2 ROOM,Standard,01 TO 03,44,40
99,2 ROOM,Standard,01 TO 03,45,40
100,2 ROOM,Standard,01 TO 03,46,40
101,2 ROOM,Standard,01 TO 03,47,40
102,2 ROOM,Standard,01 TO 03,48,40
103,2 ROOM,Standard,01 TO 03,49,40
104,2 ROOM,Standard,01 TO 03,67,60
105,2 ROOM,Standard,04 TO 06,34,20
106,2 ROOM,Standard,04 TO 06,40,40
107,2 ROOM,Standard,04 TO 06,42,40
108,2 ROOM,Standard,04 TO 06,43,40
109,2 ROOM,Standard,04 TO 06,45,40
110,2 ROOM,Standard,04 TO 06,46,40
111,2 ROOM,Standard,04 TO 06,47,40
112,2 ROOM,Standard,04 TO 06,48,40
113,2 ROOM,Standard,04 TO 06,50,40
114,2 ROOM,Standard,04 TO 06,51,40
115,2 ROOM,Standard,04 TO 06,52,40
116,2 ROOM,Standard,04 TO 06,58,40
117,2 ROOM,Standard,04 TO 06,63,60
118,2 ROOM,Standard,07 TO 09,40,40
119,2 ROOM,Standard,07 TO 09,42,40
120,2 ROOM,Standard,07 TO 09,43,40
121,2 ROOM,Standard,07 TO 09,46,40
122,2 ROOM,Standard,07 TO 09,47,40
123,2 ROOM,Standard,07 TO 09,48,40
124,2 ROOM,Standard,07 TO 09,49,40
125,2 ROOM,Standard,07 TO 09,50,40
126,2 ROOM,Standard,07 TO 09,52,40
127,2 ROOM,Standard,10 TO 12,34,20
128,2 ROOM,Standard,10 TO 12,42,40
129,2 ROOM,Standard,10 TO 12,43,40
130,2 ROOM,Standard,10 TO 12,46,40
131,2 ROOM,Standard,10 TO 12,47,40
132,2 ROOM,Standard,10 TO 12,48,40
133,2 ROOM,Standard,10 TO 12,50,40
134,2 ROOM,Standard,13 TO 15,47,40
135,2 ROOM,Standard,13 TO 15,50,40
136,2 ROOM,Standard,16 TO 18,42,40
137,2 ROOM,Standard,16 TO 18,45,40
138,2 ROOM,Standard,16 TO 18,46,40
139,3 ROOM,DBSS,01 TO 03,61,60
140,3 ROOM,DBSS,01 TO 03,65,60
141,3 ROOM,DBSS,01 TO 03,67,60
142,3 ROOM,DBSS,01 TO 03,68,60
143,3 ROOM,DBSS,01 TO 03,69,60
144,3 ROOM,DBSS,01 TO 03,70,60
145,3 ROOM,DBSS,04 TO 06,60,60
146,3 ROOM,DBSS,04 TO 06,65,60
147,3 ROOM,DBSS,04 TO 06,67,60
148,3 ROOM,DBSS,04 TO 06,70,60
149,3 ROOM,DBSS,07 TO 09,60,60
150,3 ROOM,DBSS,07 TO 09,61,60
151,3 ROOM,DBSS,07 TO 09,62,60
152,3 ROOM,DBSS,07 TO 09,65,60
153,3 ROOM,DBSS,07 TO 09,67,60
154,3 ROOM,DBSS,07 TO 09,70,60
155,3 ROOM,DBSS,10 TO 12,60,60
156,3 ROOM,DBSS,10 TO 12,66,60
157,3 ROOM,DBSS,10 TO 12,67,60
158,3 ROOM,DBSS,13 TO 15,60,60
159,3 ROOM,DBSS,13 TO 15,61,60
160,3 ROOM,DBSS,13 TO 15,67,60
161,3 ROOM,DBSS,16 TO 18,60,60
162,3 ROOM,DBSS,16 TO 18,61,60
163,3 ROOM,DBSS,16 TO 18,62,60
164,3 ROOM,DBSS,16 TO 18,67,60
165,3 ROOM,DBSS,19 TO 21,60,60
166,3 ROOM,DBSS,19 TO 21,67,60
167,3 ROOM,DBSS,25 TO 27,60,60
168,3 ROOM,DBSS,28 TO 30,60,60
169,3 ROOM,DBSS,34 TO 36,60,60
170,3 ROOM,DBSS,37 TO 39,60,60
171,3 ROOM,Improved,01 TO 03,58,40
172,3 ROOM,Improved,01 TO 03,59,40
173,3 ROOM,Improved,01 TO 03,60,60
174,3 ROOM,Improved,01 TO 03,63,60
175,3 ROOM,Improved,01 TO 03,64,60
176,3 ROOM,Improved,01 TO 03,65,60
177,3 ROOM,Improved,01 TO 03,66,60
178,3 ROOM,Improved,01 TO 03,67,60
179,3 ROOM,Improved,01 TO 03,68,60
180,3 ROOM,Improved,01 TO 03,69,60
181,3 ROOM,Improved,01 TO 03,70,60
182,3 ROOM,Improved,01 TO 03,71,60
183,3 ROOM,Improved,01 TO 03,72,60
184,3 ROOM,Improved,01 TO 03,73,60
185,3 ROOM,Improved,01 TO 03,74,60
186,3 ROOM,Improved,01 TO 03,76,60
187,3 ROOM,Improved,01 TO 03,77,60
188,3 ROOM,Improved,01 TO 03,78,60
189,3 ROOM,Improved,04 TO 06,58,40
190,3 ROOM,Improved,04 TO 06,59,40
191,3 ROOM,Improved,04 TO 06,60,60
192,3 ROOM,Improved,04 TO 06,61,60
193,3 ROOM,Improved,04 TO 06,62,60
194,3 ROOM,Improved,04 TO 06,63,60
195,3 ROOM,Improved,04 TO 06,64,60
196,3 ROOM,Improved,04 TO 06,65,60
197,3 ROOM,Improved,04 TO 06,66,60
198,3 ROOM,Improved,04 TO 06,67,60
199,3 ROOM,Improved,04 TO 06,68,60
200,3 ROOM,Improved,04 TO 06,69,60
201,3 ROOM,Improved,04 TO 06,70,60
202,3 ROOM,Improved,04 TO 06,71,60
203,3 ROOM,Improved,04 TO 06,72,60
204,3 ROOM,Improved,04 TO 06,73,60
205,3 ROOM,Improved,04 TO 06,74,60
206,3 ROOM,Improved,04 TO 06,75,60
207,3 ROOM,Improved,04 TO 06,76,60
208,3 ROOM,Improved,04 TO 06,77,60
209,3 ROOM,Improved,04 TO 06,86,80
210,3 ROOM,Improved,07 TO 09,59,40
211,3 ROOM,Improved,07 TO 09,60,60
212,3 ROOM,Improved,07 TO 09,61,60
213,3 ROOM,Improved,07 TO 09,62,60
214,3 ROOM,Improved,07 TO 09,63,60
215,3 ROOM,Improved,07 TO 09,64,60
216,3 ROOM,Improved,07 TO 09,65,60
217,3 ROOM,Improved,07 TO 09,66,60
218,3 ROOM,Improved,07 TO 09,67,60
219,3 ROOM,Improved,07 TO 09,68,60
220,3 ROOM,Improved,07 TO 09,69,60
221,3 ROOM,Improved,07 TO 09,70,60
222,3 ROOM,Improved,07 TO 09,71,60
223,3 ROOM,Improved,07 TO 09,72,60
224,3 ROOM,Improved,07 TO 09,73,60
225,3 ROOM,Improved,07 TO 09,74,60
226,3 ROOM,Improved,07 TO 09,75,60
227,3 ROOM,Improved,07 TO 09,76,60
228,3 ROOM,Improved,07 TO 09,78,60
229,3 ROOM,Improved,10 TO 12,57,40
230,3 ROOM,Improved,10 TO 12,59,40
231,3 ROOM,Improved,10 TO 12,60,60
232,3 ROOM,Improved,10 TO 12,63,60
233,3 ROOM,Improved,10 TO 12,64,60
234,3 ROOM,Improved,10 TO 12,65,60
235,3 ROOM,Improved,10 TO 12,66,60
236,3 ROOM,Improved,10 TO 12,67,60
237,3 ROOM,Improved,10 TO 12,68,60
238,3 ROOM,Improved,10 TO 12,69,60
239,3 ROOM,Improved,10 TO 12,70,60
240,3 ROOM,Improved,10 TO 12,71,60
241,3 ROOM,Improved,10 TO 12,72,60
242,3 ROOM,Improved,10 TO 12,73,60
243,3 ROOM,Improved,10 TO 12,74,60
244,3 ROOM,Improved,10 TO 12,75,60
245,3 ROOM,Improved,10 TO 12,76,60
246,3 ROOM,Improved,10 TO 12,77,60
247,3 ROOM,Improved,10 TO 12,78,60
248,3 ROOM,Improved,10 TO 12,79,60
249,3 ROOM,Improved,10 TO 12,86,80
250,3 ROOM,Improved,13 TO 15,57,40
251,3 ROOM,Improved,13 TO 15,59,40
252,3 ROOM,Improved,13 TO 15,60,60
253,3 ROOM,Improved,13 TO 15,62,60
254,3 ROOM,Improved,13 TO 15,63,60
255,3 ROOM,Improved,13 TO 15,64,60
256,3 ROOM,Improved,13 TO 15,65,60
257,3 ROOM,Improved,13 TO 15,66,60
258,3 ROOM,Improved,13 TO 15,67,60
259,3 ROOM,Improved,13 TO 15,68,60
260,3 ROOM,Improved,13 TO 15,69,60
261,3 ROOM,Improved,13 TO 15,70,60
262,3 ROOM,Improved,13 TO 15,72,60
263,3 ROOM,Improved,13 TO 15,73,60
264,3 ROOM,Improved,13 TO 15,74,60
265,3 ROOM,Improved,13 TO 15,76,60
266,3 ROOM,Improved,13 TO 15,77,60
267,3 ROOM,Improved,16 TO 18,59,40
268,3 ROOM,Improved,16 TO 18,62,60
269,3 ROOM,Improved,16 TO 18,65,60
270,3 ROOM,Improved,16 TO 18,66,60
271,3 ROOM,Improved,16 TO 18,67,60
272,3 ROOM,Improved,16 TO 18,68,60
273,3 ROOM,Improved,16 TO 18,70,60
274,3 ROOM,Improved,16 TO 18,76,60
275,3 ROOM,Improved,16 TO 18,78,60
276,3 ROOM,Improved,19 TO 21,59,40
277,3 ROOM,Improved,19 TO 21,60,60
278,3 ROOM,Improved,19 TO 21,65,60
279,3 ROOM,Improved,19 TO 21,67,60
280,3 ROOM,Improved,19 TO 21,68,60
281,3 ROOM,Improved,19 TO 21,73,60
282,3 ROOM,Improved,19 TO 21,74,60
283,3 ROOM,Improved,19 TO 21,76,60
284,3 ROOM,Improved,22 TO 24,59,40
285,3 ROOM,Improved,22 TO 24,65,60
286,3 ROOM,Model A,01 TO 03,60,60
287,3 ROOM,Model A,01 TO 03,62,60
288,3 ROOM,Model A,01 TO 03,63,60
289,3 ROOM,Model A,01 TO 03,64,60
290,3 ROOM,Model A,01 TO 03,65,60
291,3 ROOM,Model A,01 TO 03,66,60
292,3 ROOM,Model A,01 TO 03,67,60
293,3 ROOM,Model A,01 TO 03,68,60
294,3 ROOM,Model A,01 TO 03,69,60
295,3 ROOM,Model A,01 TO 03,70,60
296,3 ROOM,Model A,01 TO 03,71,60
297,3 ROOM,Model A,01 TO 03,72,60
298,3 ROOM,Model A,01 TO 03,73,60
299,3 ROOM,Model A,01 TO 03,74,60
300,3 ROOM,Model A,01 TO 03,75,60
301,3 ROOM,Model A,01 TO 03,77,60
302,3 ROOM,Model A,01 TO 03,78,60
303,3 ROOM,Model A,01 TO 03,79,60
304,3 ROOM,Model A,01 TO 03,80,80
305,3 ROOM,Model A,01 TO 03,81,80
306,3 ROOM,Model A,01 TO 03,83,80
307,3 ROOM,Model A,01 TO 03,87,80
308,3 ROOM,Model A,01 TO 03,88,80
309,3 ROOM,Model A,01 TO 03,90,80
310,3 ROOM,Model A,01 TO 03,94,80
311,3 ROOM,Model A,04 TO 06,60,60
312,3 ROOM,Model A,04 TO 06,61,60
313,3 ROOM,Model A,04 TO 06,62,60
314,3 ROOM,Model A,04 TO 06,63,60
315,3 ROOM,Model A,04 TO 06,64,60
316,3 ROOM,Model A,04 TO 06,65,60
317,3 ROOM,Model A,04 TO 06,66,60
318,3 ROOM,Model A,04 TO 06,67,60
319,3 ROOM,Model A,04 TO 06,68,60
320,3 ROOM,Model A,04 TO 06,69,60
321,3 ROOM,Model A,04 TO 06,70,60
322,3 ROOM,Model A,04 TO 06,72,60
323,3 ROOM,Model A,04 TO 06,73,60
324,3 ROOM,Model A,04 TO 06,74,60
325,3 ROOM,Model A,04 TO 06,75,60
326,3 ROOM,Model A,04 TO 06,76,60
327,3 ROOM,Model A,04 TO 06,77,60
328,3 ROOM,Model A,04 TO 06,79,60
329,3 ROOM,Model A,04 TO 06,80,80
330,3 ROOM,Model A,04 TO 06,83,80
331,3 ROOM,Model A,04 TO 06,88,80
332,3 ROOM,Model A,04 TO 06,93,80
333,3 ROOM,Model A,07 TO 09,60,60
334,3 ROOM,Model A,07 TO 09,62,60
335,3 ROOM,Model A,07 TO 09,63,60
336,3 ROOM,Model A,07 TO 09,64,60
337,3 ROOM,Model A,07 TO 09,65,60
338,3 ROOM,Model A,07 TO 09,66,60
339,3 ROOM,Model A,07 TO 09,67,60
340,3 ROOM,Model A,07 TO 09,68,60
341,3 ROOM,Model A,07 TO 09,69,60
342,3 ROOM,Model A,07 TO 09,70,60
343,3 ROOM,Model A,07 TO 09,71,60
344,3 ROOM,Model A,07 TO 09,72,60
345,3 ROOM,Model A,07 TO 09,73,60
346,3 ROOM,Model A,07 TO 09,74,60
347,3 ROOM,Model A,07 TO 09,75,60
348,3 ROOM,Model A,07 TO 09,76,60
349,3 ROOM,Model A,07 TO 09,77,60
350,3 ROOM,Model A,07 TO 09,78,60
351,3 ROOM,Model A,07 TO 09,79,60
352,3 ROOM,Model A,07 TO 09,80,80
353,3 ROOM,Model A,07 TO 09,83,80
354,3 ROOM,Model A,07 TO 09,84,80
355,3 ROOM,Model A,07 TO 09,90,80
356,3 ROOM,Model A,10 TO 12,60,60
357,3 ROOM,Model A,10 TO 12,61,60
358,3 ROOM,Model A,10 TO 12,62,60
359,3 ROOM,Model A,10 TO 12,65,60
360,3 ROOM,Model A,10 TO 12,66,60
361,3 ROOM,Model A,10 TO 12,67,60
362,3 ROOM,Model A,10 TO 12,68,60
363,3 ROOM,Model A,10 TO 12,69,60
364,3 ROOM,Model A,10 TO 12,70,60
365,3 ROOM,Model A,10 TO 12,71,60
366,3 ROOM,Model A,10 TO 12,72,60
367,3 ROOM,Model A,10 TO 12,73,60
368,3 ROOM,Model A,10 TO 12,74,60
369,3 ROOM,Model A,10 TO 12,75,60
370,3 ROOM,Model A,10 TO 12,76,60
371,3 ROOM,Model A,10 TO 12,78,60
372,3 ROOM,Model A,10 TO 12,79,60
373,3 ROOM,Model A,10 TO 12,82,80
374,3 ROOM,Model A,10 TO 12,83,80
375,3 ROOM,Model A,10 TO 12,84,80
376,3 ROOM,Model A,10 TO 12,88,80
377,3 ROOM,Model A,13 TO 15,60,60
378,3 ROOM,Model A,13 TO 15,61,60
379,3 ROOM,Model A,13 TO 15,62,60
380,3 ROOM,Model A,13 TO 15,63,60
381,3 ROOM,Model A,13 TO 15,64,60
382,3 ROOM,Model A,13 TO 15,65,60
383,3 ROOM,Model A,13 TO 15,66,60
384,3 ROOM,Model A,13 TO 15,67,60
385,3 ROOM,Model A,13 TO 15,68,60
386,3 ROOM,Model A,13 TO 15,69,60
387,3 ROOM,Model A,13 TO 15,70,60
388,3 ROOM,Model A,13 TO 15,73,60
389,3 ROOM,Model A,13 TO 15,74,60
390,3 ROOM,Model A,13 TO 15,83,80
391,3 ROOM,Model A,16 TO 18,60,60
392,3 ROOM,Model A,16 TO 18,63,60
393,3 ROOM,Model A,16 TO 18,65,60
394,3 ROOM,Model A,16 TO 18,66,60
395,3 ROOM,Model A,16 TO 18,67,60
396,3 ROOM,Model A,16 TO 18,68,60
397,3 ROOM,Model A,16 TO 18,69,60
398,3 ROOM,Model A,16 TO 18,70,60
399,3 ROOM,Model A,16 TO 18,72,60
400,3 ROOM,Model A,16 TO 18,73,60
401,3 ROOM,Model A,16 TO 18,74,60
402,3 ROOM,Model A,16 TO 18,75,60
403,3 ROOM,Model A,16 TO 18,79,60
404,3 ROOM,Model A,19 TO 21,60,60
405,3 ROOM,Model A,19 TO 21,61,60
406,3 ROOM,Model A,19 TO 21,62,60
407,3 ROOM,Model A,19 TO 21,63,60
408,3 ROOM,Model A,19 TO 21,64,60
409,3 ROOM,Model A,19 TO 21,67,60
410,3 ROOM,Model A,19 TO 21,68,60
411,3 ROOM,Model A,19 TO 21,69,60
412,3 ROOM,Model A,19 TO 21,70,60
413,3 ROOM,Model A,22 TO 24,60,60
414,3 ROOM,Model A,22 TO 24,63,60
415,3 ROOM,Model A,22 TO 24,67,60
416,3 ROOM,Model A,22 TO 24,68,60
417,3 ROOM,Model A,22 TO 24,69,60
418,3 ROOM,Model A,22 TO 24,70,60
419,3 ROOM,Model A,25 TO 27,60,60
420,3 ROOM,Model A,25 TO 27,62,60
421,3 ROOM,Model A,25 TO 27,67,60
422,3 ROOM,Model A,25 TO 27,68,60
423,3 ROOM,Model A,25 TO 27,69,60
424,3 ROOM,Model A,25 TO 27,70,60
425,3 ROOM,Model A,28 TO 30,62,60
426,3 ROOM,Model A,28 TO 30,67,60
427,3 ROOM,Model A,28 TO 30,68,60
428,3 ROOM,Model A,28 TO 30,69,60
429,3 ROOM,Model A,28 TO 30,70,60
430,3 ROOM,Model A,31 TO 33,60,60
431,3 ROOM,Model A,31 TO 33,66,60
432,3 ROOM,Model A,31 TO 33,68,60
433,3 ROOM,Model A,31 TO 33,69,60
434,3 ROOM,Model A,31 TO 33,72,60
435,3 ROOM,Model A,31 TO 33,73,60
436,3 ROOM,Model A,34 TO 36,60,60
437,3 ROOM,Model A,34 TO 36,67,60
438,3 ROOM,Model A,34 TO 36,68,60
439,3 ROOM,Model A,34 TO 36,69,60
440,3 ROOM,Model A,34 TO 36,72,60
441,3 ROOM,Model A,37 TO 39,60,60
442,3 ROOM,Model A,37 TO 39,62,60
443,3 ROOM,Model A,37 TO 39,68,60
444,3 ROOM,Model A,37 TO 39,69,60
445,3 ROOM,Model A,37 TO 39,70,60
446,3 ROOM,Model A,37 TO 39,72,60
447,3 ROOM,Model A,40 TO 42,62,60
448,3 ROOM,Model A,40 TO 42,68,60
449,3 ROOM,Model A,40 TO 42,70,60
450,3 ROOM,Model A,40 TO 42,74,60
451,3 ROOM,New Generation,01 TO 03,66,60
452,3 ROOM,New Generation,01 TO 03,67,60
453,3 ROOM,New Generation,01 TO 03,68,60
454,3 ROOM,New Generation,01 TO 03,69,60
455,3 ROOM,New Generation,01 TO 03,70,60
456,3 ROOM,New Generation,01 TO 03,71,60
457,3 ROOM,New Generation,01 TO 03,72,60
458,3 ROOM,New Generation,01 TO 03,73,60
459,3 ROOM,New Generation,01 TO 03,74,60
460,3 ROOM,New Generation,01 TO 03,75,60
461,3 ROOM,New Generation,01 TO 03,76,60
462,3 ROOM,New Generation,01 TO 03,80,80
463,3 ROOM,New Generation,01 TO 03,81,80
464,3 ROOM,New Generation,01 TO 03,82,80
465,3 ROOM,New Generation,01 TO 03,83,80
466,3 ROOM,New Generation,01 TO 03,86,80
467,3 ROOM,New Generation,01 TO 03,88,80
468,3 ROOM,New Generation,01 TO 03,89,80
469,3 ROOM,New Generation,01 TO 03,103,100
470,3 ROOM,New Generation,04 TO 06,66,60
471,3 ROOM,New Generation,04 TO 06,67,60
472,3 ROOM,New Generation,04 TO 06,68,60
473,3 ROOM,New Generation,04 TO 06,69,60
474,3 ROOM,New Generation,04 TO 06,71,60
475,3 ROOM,New Generation,04 TO 06,72,60
476,3 ROOM,New Generation,04 TO 06,73,60
477,3 ROOM,New Generation,04 TO 06,74,60
478,3 ROOM,New Generation,04 TO 06,75,60
479,3 ROOM,New Generation,04 TO 06,81,80
480,3 ROOM,New Generation,04 TO 06,82,80
481,3 ROOM,New Generation,04 TO 06,83,80
482,3 ROOM,New Generation,04 TO 06,84,80
483,3 ROOM,New Generation,04 TO 06,88,80
484,3 ROOM,New Generation,04 TO 06,89,80
485,3 ROOM,New Generation,04 TO 06,103,100
486,3 ROOM,New Generation,04 TO 06,107,100
487,3 ROOM,New Generation,07 TO 09,67,60
488,3 ROOM,New Generation,07 TO 09,68,60
489,3 ROOM,New Generation,07 TO 09,69,60
490,3 ROOM,New Generation,07 TO 09,70,60
491,3 ROOM,New Generation,07 TO 09,72,60
492,3 ROOM,New Generation,07 TO 09,73,60
493,3 ROOM,New Generation,07 TO 09,74,60
494,3 ROOM,New Generation,07 TO 09,75,60
495,3 ROOM,New Generation,07 TO 09,81,80
496,3 ROOM,New Generation,07 TO 09,82,80
497,3 ROOM,New Generation,07 TO 09,84,80
498,3 ROOM,New Generation,07 TO 09,88,80
499,3 ROOM,New Generation,07 TO 09,89,80
500,3 ROOM,New Generation,10 TO 12,66,60
501,3 ROOM,New Generation,10 TO 12,67,60
502,3 ROOM,New Generation,10 TO 12,68,60
503,3 ROOM,New Generation,10 TO 12,69,60
504,3 ROOM,New Generation,10 TO 12,70,60
505,3 ROOM,New Generation,10 TO 12,72,60
506,3 ROOM,New Generation,10 TO 12,73,60
507,3 ROOM,New Generation,10 TO 12,74,60
508,3 ROOM,New Generation,10 TO 12,75,60
509,3 ROOM,New Generation,10 TO 12,81,80
510,3 ROOM,New Generation,10 TO 12,82,80
511,3 ROOM,New Generation,10 TO 12,84,80
512,3 ROOM,New Generation,10 TO 12,88,80
513,3 ROOM,New Generation,10 TO 12,89,80
514,3 ROOM,New Generation,10 TO 12,103,100
515,3 ROOM,New Generation,13 TO 15,67,60
516,3 ROOM,New Generation,13 TO 15,68,60
517,3 ROOM,New Generation,13 TO 15,73,60
518,3 ROOM,New Generation,13 TO 15,74,60
519,3 ROOM,New Generation,13 TO 15,81,80
520,3 ROOM,New Generation,13 TO 15,82,80
521,3 ROOM,New Generation,13 TO 15,89,80
522,3 ROOM,New Generation,16 TO 18,68,60
523,3 ROOM,Premium Apartment,01 TO 03,67,60
524,3 ROOM,Premium Apartment,01 TO 03,68,60
525,3 ROOM,Premium Apartment,04 TO 06,67,60
526,3 ROOM,Premium Apartment,04 TO 06,68,60
527,3 ROOM,Premium Apartment,04 TO 06,70,60
528,3 ROOM,Premium Apartment,04 TO 06,73,60
529,3 ROOM,Premium Apartment,07 TO 09,67,60
530,3 ROOM,Premium Apartment,07 TO 09,68,60
531,3 ROOM,Premium Apartment,07 TO 09,70,60
532,3 ROOM,Premium Apartment,07 TO 09,73,60
533,3 ROOM,Premium Apartment,10 TO 12,65,60
534,3 ROOM,Premium Apartment,10 TO 12,67,60
535,3 ROOM,Premium Apartment,10 TO 12,68,60
536,3 ROOM,Premium Apartment,10 TO 12,69,60
537,3 ROOM,Premium Apartment,10 TO 12,70,60
538,3 ROOM,Premium Apartment,13 TO 15,65,60
539,3 ROOM,Premium Apartment,13 TO 15,67,60
540,3 ROOM,Premium Apartment,13 TO 15,68,60
541,3 ROOM,Premium Apartment,13 TO 15,70,60
542,3 ROOM,Premium Apartment,13 TO 15,73,60
543,3 ROOM,Premium Apartment,16 TO 18,67,60
544,3 ROOM,Premium Apartment,16 TO 18,68,60
545,3 ROOM,Premium Apartment,16 TO 18,70,60
546,3 ROOM,Premium Apartment,19 TO 21,65,60
547,3 ROOM,Premium Apartment,19 TO 21,68,60
548,3 ROOM,Premium Apartment,19 TO 21,70,60
549,3 ROOM,Premium Apartment,22 TO 24,65,60
550,3 ROOM,Premium Apartment,22 TO 24,68,60
551,3 ROOM,Premium Apartment,25 TO 27,62,60
552,3 ROOM,Premium Apartment,25 TO 27,65,60
553,3 ROOM,Premium Apartment,25 TO 27,68,60
554,3 ROOM,Premium Apartment,28 TO 30,68,60
555,3 ROOM,Premium Apartment,28 TO 30,70,60
556,3 ROOM,Premium Apartment,34 TO 36,65,60
557,3 ROOM,Premium Apartment,34 TO 36,68,60
558,3 ROOM,Simplified,01 TO 03,64,60
559,3 ROOM,Simplified,01 TO 03,65,60
560,3 ROOM,Simplified,01 TO 03,68,60
561,3 ROOM,Simplified,01 TO 03,70,60
562,3 ROOM,Simplified,04 TO 06,63,60
563,3 ROOM,Simplified,04 TO 06,64,60
564,3 ROOM,Simplified,07 TO 09,63,60
565,3 ROOM,Simplified,07 TO 09,64,60
566,3 ROOM,Simplified,10 TO 12,63,60
567,3 ROOM,Simplified,10 TO 12,64,60
568,3 ROOM,Simplified,13 TO 15,64,60
569,3 ROOM,Standard,01 TO 03,52,40
570,3 ROOM,Standard,01 TO 03,53,40
571,3 ROOM,Standard,01 TO 03,54,40
572,3 ROOM,Standard,01 TO 03,55,40
573,3 ROOM,Standard,01 TO 03,56,40
574,3 ROOM,Standard,01 TO 03,57,40
575,3 ROOM,Standard,01 TO 03,58,40
576,3 ROOM,Standard,01 TO 03,59,40
577,3 ROOM,Standard,01 TO 03,60,60
578,3 ROOM,Standard,01 TO 03,61,60
579,3 ROOM,Standard,01 TO 03,62,60
580,3 ROOM,Standard,01 TO 03,63,60
581,3 ROOM,Standard,01 TO 03,65,60
582,3 ROOM,Standard,01 TO 03,67,60
583,3 ROOM,Standard,01 TO 03,69,60
584,3 ROOM,Standard,01 TO 03,71,60
585,3 ROOM,Standard,01 TO 03,73,60
586,3 ROOM,Standard,01 TO 03,75,60
587,3 ROOM,Standard,01 TO 03,88,80
588,3 ROOM,Standard,04 TO 06,52,40
589,3 ROOM,Standard,04 TO 06,53,40
590,3 ROOM,Standard,04 TO 06,54,40
591,3 ROOM,Standard,04 TO 06,56,40
592,3 ROOM,Standard,04 TO 06,57,40
593,3 ROOM,Standard,04 TO 06,58,40
594,3 ROOM,Standard,04 TO 06,59,40
595,3 ROOM,Standard,04 TO 06,60,60
596,3 ROOM,Standard,04 TO 06,61,60
597,3 ROOM,Standard,04 TO 06,62,60
598,3 ROOM,Standard,04 TO 06,63,60
599,3 ROOM,Standard,04 TO 06,64,60
600,3 ROOM,Standard,04 TO 06,67,60
601,3 ROOM,Standard,04 TO 06,68,60
602,3 ROOM,Standard,04 TO 06,69,60
603,3 ROOM,Standard,04 TO 06,71,60
604,3 ROOM,Standard,04 TO 06,72,60
605,3 ROOM,Standard,04 TO 06,88,80
606,3 ROOM,Standard,07 TO 09,52,40
607,3 ROOM,Standard,07 TO 09,55,40
608,3 ROOM,Standard,07 TO 09,56,40
609,3 ROOM,Standard,07 TO 09,57,40
610,3 ROOM,Standard,07 TO 09,58,40
611,3 ROOM,Standard,07 TO 09,59,40
612,3 ROOM,Standard,07 TO 09,60,60
613,3 ROOM,Standard,07 TO 09,61,60
614,3 ROOM,Standard,07 TO 09,62,60
615,3 ROOM,Standard,07 TO 09,63,60
616,3 ROOM,Standard,07 TO 09,64,60
617,3 ROOM,Standard,07 TO 09,67,60
618,3 ROOM,Standard,07 TO 09,68,60
619,3 ROOM,Standard,10 TO 12,52,40
620,3 ROOM,Standard,10 TO 12,53,40
621,3 ROOM,Standard,10 TO 12,56,40
622,3 ROOM,Standard,10 TO 12,57,40
623,3 ROOM,Standard,10 TO 12,58,40
624,3 ROOM,Standard,10 TO 12,59,40
625,3 ROOM,Standard,10 TO 12,60,60
626,3 ROOM,Standard,10 TO 12,61,60
627,3 ROOM,Standard,10 TO 12,63,60
628,3 ROOM,Standard,10 TO 12,64,60
629,3 ROOM,Standard,10 TO 12,67,60
630,3 ROOM,Standard,10 TO 12,69,60
631,3 ROOM,Standard,10 TO 12,71,60
632,3 ROOM,Standard,10 TO 12,72,60
633,3 ROOM,Standard,13 TO 15,58,40
634,3 ROOM,Standard,13 TO 15,60,60
635,3 ROOM,Standard,13 TO 15,63,60
636,3 ROOM,Standard,13 TO 15,64,60
637,3 ROOM,Standard,13 TO 15,71,60
638,3 ROOM,Standard,16 TO 18,56,40
639,3 ROOM,Standard,16 TO 18,58,40
640,3 ROOM,Standard,16 TO 18,63,60
641,3 ROOM,Terrace,01 TO 03,90,80
642,3 ROOM,Terrace,01 TO 03,95,80
643,3 ROOM,Terrace,01 TO 03,98,80
644,3 ROOM,Terrace,01 TO 03,100,100
645,3 ROOM,Terrace,01 TO 03,107,100
646,3 ROOM,Terrace,01 TO 03,141,140
647,3 ROOM,Terrace,01 TO 03,155,140
648,4 ROOM,Adjoined flat,01 TO 03,112,100
649,4 ROOM,Adjoined flat,04 TO 06,111,100
650,4 ROOM,Adjoined flat,04 TO 06,132,120
651,4 ROOM,Adjoined flat,04 TO 06,176,160
652,4 ROOM,Adjoined flat,07 TO 09,112,100
653,4 ROOM,Adjoined flat,07 TO 09,118,100
654,4 ROOM,Adjoined flat,10 TO 12,112,100
655,4 ROOM,Adjoined flat,16 TO 18,106,100
656,4 ROOM,DBSS,01 TO 03,84,80
657,4 ROOM,DBSS,01 TO 03,86,80
658,4 ROOM,DBSS,01 TO 03,87,80
659,4 ROOM,DBSS,01 TO 03,90,80
660,4 ROOM,DBSS,01 TO 03,92,80
661,4 ROOM,DBSS,01 TO 03,95,80
662,4 ROOM,DBSS,04 TO 06,81,80
663,4 ROOM,DBSS,04 TO 06,83,80
664,4 ROOM,DBSS,04 TO 06,84,80
665,4 ROOM,DBSS,04 TO 06,86,80
666,4 ROOM,DBSS,04 TO 06,87,80
667,4 ROOM,DBSS,04 TO 06,91,80
668,4 ROOM,DBSS,04 TO 06,92,80
669,4 ROOM,DBSS,04 TO 06,94,80
670,4 ROOM,DBSS,04 TO 06,95,80
671,4 ROOM,DBSS,07 TO 09,82,80
672,4 ROOM,DBSS,07 TO 09,83,80
673,4 ROOM,DBSS,07 TO 09,86,80
674,4 ROOM,DBSS,07 TO 09,87,80
675,4 ROOM,DBSS,07 TO 09,90,80
676,4 ROOM,DBSS,07 TO 09,92,80
677,4 ROOM,DBSS,07 TO 09,94,80
678,4 ROOM,DBSS,07 TO 09,95,80
679,4 ROOM,DBSS,10 TO 12,80,80
680,4 ROOM,DBSS,10 TO 12,82,80
681,4 ROOM,DBSS,10 TO 12,83,80
682,4 ROOM,DBSS,10 TO 12,84,80
683,4 ROOM,DBSS,10 TO 12,86,80
684,4 ROOM,DBSS,10 TO 12,87,80
685,4 ROOM,DBSS,10 TO 12,91,80
686,4 ROOM,DBSS,10 TO 12,92,80
687,4 ROOM,DBSS,10 TO 12,94,80
688,4 ROOM,DBSS,10 TO 12,95,80
689,4 ROOM,DBSS,13 TO 15,82,80
690,4 ROOM,DBSS,13 TO 15,84,80
691,4 ROOM,DBSS,13 TO 15,86,80
692,4 ROOM,DBSS,13 TO 15,87,80
693,4 ROOM,DBSS,13 TO 15,92,80
694,4 ROOM,DBSS,13 TO 15,95,80
695,4 ROOM,DBSS,16 TO 18,80,80
696,4 ROOM,DBSS,16 TO 18,81,80
697,4 ROOM,DBSS,16 TO 18,92,80
698,4 ROOM,DBSS,19 TO 21,91,80
699,4 ROOM,DBSS,19 TO 21,94,80
700,4 ROOM,DBSS,19 TO 21,95,80
701,4 ROOM,DBSS,22 TO 24,86,80
702,4 ROOM,DBSS,22 TO 24,90,80
703,4 ROOM,DBSS,22 TO 24,91,80
704,4 ROOM,DBSS,22 TO 24,94,80
705,4 ROOM,DBSS,22 TO 24,95,80
706,4 ROOM,DBSS,25 TO 27,82,80
707,4 ROOM,DBSS,25 TO 27,91,80
708,4 ROOM,DBSS,25 TO 27,95,80
709,4 ROOM,DBSS,28 TO 30,81,80
710,4 ROOM,DBSS,28 TO 30,82,80
711,4 ROOM,DBSS,28 TO 30,90,80
712,4 ROOM,DBSS,28 TO 30,91,80
713,4 ROOM,DBSS,28 TO 30,94,80
714,4 ROOM,DBSS,28 TO 30,95,80
715,4 ROOM,DBSS,31 TO 33,91,80
716,4 ROOM,DBSS,34 TO 36,94,80
717,4 ROOM,DBSS,34 TO 36,95,80
718,4 ROOM,DBSS,37 TO 39,80,80
719,4 ROOM,DBSS,37 TO 39,81,80
720,4 ROOM,DBSS,37 TO 39,95,80
721,4 ROOM,DBSS,40 TO 42,91,80
722,4 ROOM,Improved,01 TO 03,81,80
723,4 ROOM,Improved,01 TO 03,82,80
724,4 ROOM,Improved,01 TO 03,84,80
725,4 ROOM,Improved,01 TO 03,87,80
726,4 ROOM,Improved,01 TO 03,88,80
727,4 ROOM,Improved,01 TO 03,89,80
728,4 ROOM,Improved,01 TO 03,90,80
729,4 ROOM,Improved,01 TO 03,91,80
730,4 ROOM,Improved,01 TO 03,114,100
731,4 ROOM,Improved,04 TO 06,77,60
732,4 ROOM,Improved,04 TO 06,78,60
733,4 ROOM,Improved,04 TO 06,81,80
734,4 ROOM,Improved,04 TO 06,82,80
735,4 ROOM,Improved,04 TO 06,84,80
736,4 ROOM,Improved,04 TO 06,86,80
737,4 ROOM,Improved,04 TO 06,87,80
738,4 ROOM,Improved,04 TO 06,88,80
739,4 ROOM,Improved,04 TO 06,90,80
740,4 ROOM,Improved,04 TO 06,91,80
741,4 ROOM,Improved,07 TO 09,77,60
742,4 ROOM,Improved,07 TO 09,82,80
743,4 ROOM,Improved,07 TO 09,83,80
744,4 ROOM,Improved,07 TO 09,84,80
745,4 ROOM,Improved,07 TO 09,87,80
746,4 ROOM,Improved,07 TO 09,88,80
747,4 ROOM,Improved,07 TO 09,89,80
748,4 ROOM,Improved,07 TO 09,90,80
749,4 ROOM,Improved,07 TO 09,91,80
750,4 ROOM,Improved,10 TO 12,77,60
751,4 ROOM,Improved,10 TO 12,81,80
752,4 ROOM,Improved,10 TO 12,82,80
753,4 ROOM,Improved,10 TO 12,83,80
754,4 ROOM,Improved,10 TO 12,84,80
755,4 ROOM,Improved,10 TO 12,86,80
756,4 ROOM,Improved,10 TO 12,87,80
757,4 ROOM,Improved,10 TO 12,88,80
758,4 ROOM,Improved,10 TO 12,90,80
759,4 ROOM,Improved,10 TO 12,91,80
760,4 ROOM,Improved,13 TO 15,77,60
761,4 ROOM,Improved,13 TO 15,81,80
762,4 ROOM,Improved,13 TO 15,82,80
763,4 ROOM,Improved,13 TO 15,84,80
764,4 ROOM,Improved,13 TO 15,87,80
765,4 ROOM,Improved,13 TO 15,88,80
766,4 ROOM,Improved,13 TO 15,90,80
767,4 ROOM,Improved,13 TO 15,91,80
768,4 ROOM,Improved,16 TO 18,77,60
769,4 ROOM,Improved,16 TO 18,82,80
770,4 ROOM,Improved,16 TO 18,83,80
771,4 ROOM,Improved,16 TO 18,85,80
772,4 ROOM,Improved,16 TO 18,87,80
773,4 ROOM,Improved,16 TO 18,88,80
774,4 ROOM,Improved,16 TO 18,90,80
775,4 ROOM,Improved,16 TO 18,91,80
776,4 ROOM,Improved,19 TO 21,82,80
777,4 ROOM,Improved,19 TO 21,84,80
778,4 ROOM,Improved,19 TO 21,85,80
779,4 ROOM,Improved,19 TO 21,86,80
780,4 ROOM,Improved,19 TO 21,87,80
781,4 ROOM,Improved,19 TO 21,88,80
782,4 ROOM,Improved,19 TO 21,91,80
783,4 ROOM,Improved,22 TO 24,82,80
784,4 ROOM,Improved,22 TO 24,83,80
785,4 ROOM,Improved,22 TO 24,86,80
786,4 ROOM,Improved,22 TO 24,91,80
787,4 ROOM,Improved,25 TO 27,83,80
788,4 ROOM,Model A,01 TO 03,75,60
789,4 ROOM,Model A,01 TO 03,85,80
790,4 ROOM,Model A,01 TO 03,86,80
791,4 ROOM,Model A,01 TO 03,87,80
792,4 ROOM,Model A,01 TO 03,88,80
793,4 ROOM,Model A,01 TO 03,89,80
794,4 ROOM,Model A,01 TO 03,90,80
795,4 ROOM,Model A,01 TO 03,91,80
796,4 ROOM,Model A,01 TO 03,92,80
797,4 ROOM,Model A,01 TO 03,93,80
798,4 ROOM,Model A,01 TO 03,94,80
799,4 ROOM,Model A,01 TO 03,95,80
800,4 ROOM,Model A,01 TO 03,96,80
801,4 ROOM,Model A,01 TO 03,97,80
802,4 ROOM,Model A,01 TO 03,99,80
803,4 ROOM,Model A,01 TO 03,100,100
804,4 ROOM,Model A,01 TO 03,101,100
805,4 ROOM,Model A,01 TO 03,102,100
806,4 ROOM,Model A,01 TO 03,103,100
807,4 ROOM,Model A,01 TO 03,104,100
808,4 ROOM,Model A,01 TO 03,105,100
809,4 ROOM,Model A,01 TO 03,106,100
810,4 ROOM,Model A,01 TO 03,107,100
811,4 ROOM,Model A,01 TO 03,108,100
812,4 ROOM,Model A,01 TO 03,109,100
813,4 ROOM,Model A,01 TO 03,110,100
814,4 ROOM,Model A,01 TO 03,111,100
815,4 ROOM,Model A,01 TO 03,112,100
816,4 ROOM,Model A,01 TO 03,113,100
817,4 ROOM,Model A,01 TO 03,114,100
818,4 ROOM,Model A,01 TO 03,116,100
819,4 ROOM,Model A,01 TO 03,117,100
820,4 ROOM,Model A,01 TO 03,118,100
821,4 ROOM,Model A,01 TO 03,119,100
822,4 ROOM,Model A,01 TO 03,120,120
823,4 ROOM,Model A,01 TO 03,121,120
824,4 ROOM,Model A,01 TO 03,130,120
825,4 ROOM,Model A,04 TO 06,75,60
826,4 ROOM,Model A,04 TO 06,76,60
827,4 ROOM,Model A,04 TO 06,85,80
828,4 ROOM,Model A,04 TO 06,86,80
829,4 ROOM,Model A,04 TO 06,87,80
830,4 ROOM,Model A,04 TO 06,88,80
831,4 ROOM,Model A,04 TO 06,89,80
832,4 ROOM,Model A,04 TO 06,90,80
833,4 ROOM,Model A,04 TO 06,91,80
834,4 ROOM,Model A,04 TO 06,92,80
835,4 ROOM,Model A,04 TO 06,93,80
836,4 ROOM,Model A,04 TO 06,94,80
837,4 ROOM,Model A,04 TO 06,95,80
838,4 ROOM,Model A,04 TO 06,96,80
839,4 ROOM,Model A,04 TO 06,97,80
840,4 ROOM,Model A,04 TO 06,98,80
841,4 ROOM,Model A,04 TO 06,99,80
842,4 ROOM,Model A,04 TO 06,100,100
843,4 ROOM,Model A,04 TO 06,101,100
844,4 ROOM,Model A,04 TO 06,102,100
845,4 ROOM,Model A,04 TO 06,103,100
846,4 ROOM,Model A,04 TO 06,104,100
847,4 ROOM,Model A,04 TO 06,105,100
848,4 ROOM,Model A,04 TO 06,106,100
849,4 ROOM,Model A,04 TO 06,107,100
850,4 ROOM,Model A,04 TO 06,108,100
851,4 ROOM,Model A,04 TO 06,109,100
852,4 ROOM,Model A,04 TO 06,110,100
853,4 ROOM,Model A,04 TO 06,111,100
854,4 ROOM,Model A,04 TO 06,112,100
855,4 ROOM,Model A,04 TO 06,113,100
856,4 ROOM,Model A,04 TO 06,114,100
857,4 ROOM,Model A,04 TO 06,115,100
858,4 ROOM,Model A,04 TO 06,117,100
859,4 ROOM,Model A,04 TO 06,123,120
860,4 ROOM,Model A,07 TO 09,76,60
861,4 ROOM,Model A,07 TO 09,83,80
862,4 ROOM,Model A,07 TO 09,85,80
863,4 ROOM,Model A,07 TO 09,86,80
864,4 ROOM,Model A,07 TO 09,87,80
865,4 ROOM,Model A,07 TO 09,88,80
866,4 ROOM,Model A,07 TO 09,89,80
867,4 ROOM,Model A,07 TO 09,90,80
868,4 ROOM,Model A,07 TO 09,91,80
869,4 ROOM,Model A,07 TO 09,92,80
870,4 ROOM,Model A,07 TO 09,93,80
871,4 ROOM,Model A,07 TO 09,94,80
872,4 ROOM,Model A,07 TO 09,95,80
873,4 ROOM,Model A,07 TO 09,96,80
874,4 ROOM,Model A,07 TO 09,98,80
875,4 ROOM,Model A,07 TO 09,99,80
876,4 ROOM,Model A,07 TO 09,100,100
877,4 ROOM,Model A,07 TO 09,101,100
878,4 ROOM,Model A,07 TO 09,102,100
879,4 ROOM,Model A,07 TO 09,103,100
880,4 ROOM,Model A,07 TO 09,104,100
881,4 ROOM,Model A,07 TO 09,105,100
882,4 ROOM,Model A,07 TO 09,106,100
883,4 ROOM,Model A,07 TO 09,107,100
884,4 ROOM,Model A,07 TO 09,108,100
885,4 ROOM,Model A,07 TO 09,109,100
886,4 ROOM,Model A,07 TO 09,110,100
887,4 ROOM,Model A,07 TO 09,111,100
888,4 ROOM,Model A,07 TO 09,112,100
889,4 ROOM,Model A,07 TO 09,113,100
890,4 ROOM,Model A,07 TO 09,114,100
891,4 ROOM,Model A,07 TO 09,115,100
892,4 ROOM,Model A,07 TO 09,116,100
893,4 ROOM,Model A,07 TO 09,117,100
894,4 ROOM,Model A,07 TO 09,119,100
895,4 ROOM,Model A,10 TO 12,83,80
896,4 ROOM,Model A,10 TO 12,85,80
897,4 ROOM,Model A,10 TO 12,86,80
898,4 ROOM,Model A,10 TO 12,87,80
899,4 ROOM,Model A,10 TO 12,88,80
900,4 ROOM,Model A,10 TO 12,89,80
901,4 ROOM,Model A,10 TO 12,90,80
902,4 ROOM,Model A,10 TO 12,91,80
903,4 ROOM,Model A,10 TO 12,92,80
904,4 ROOM,Model A,10 TO 12,93,80
905,4 ROOM,Model A,10 TO 12,94,80
906,4 ROOM,Model A,10 TO 12,95,80
907,4 ROOM,Model A,10 TO 12,96,80
908,4 ROOM,Model A,10 TO 12,97,80
909,4 ROOM,Model A,10 TO 12,98,80
910,4 ROOM,Model A,10 TO 12,99,80
911,4 ROOM,Model A,10 TO 12,100,100
912,4 ROOM,Model A,10 TO 12,101,100
913,4 ROOM,Model A,10 TO 12,102,100
914,4 ROOM,Model A,10 TO 12,103,100
915,4 ROOM,Model A,10 TO 12,104,100
916,4 ROOM,Model A,10 TO 12,105,100
917,4 ROOM,Model A,10 TO 12,106,100
918,4 ROOM,Model A,10 TO 12,107,100
919,4 ROOM,Model A,10 TO 12,108,100
920,4 ROOM,Model A,10 TO 12,109,100
921,4 ROOM,Model A,10 TO 12,110,100
922,4 ROOM,Model A,10 TO 12,111,100
923,4 ROOM,Model A,10 TO 12,112,100
924,4 ROOM,Model A,10 TO 12,113,100
925,4 ROOM,Model A,10 TO 12,114,100
926,4 ROOM,Model A,10 TO 12,116,100
927,4 ROOM,Model A,13 TO 15,75,60
928,4 ROOM,Model A,13 TO 15,76,60
929,4 ROOM,Model A,13 TO 15,83,80
930,4 ROOM,Model A,13 TO 15,85,80
931,4 ROOM,Model A,13 TO 15,86,80
932,4 ROOM,Model A,13 TO 15,87,80
933,4 ROOM,Model A,13 TO 15,88,80
934,4 ROOM,Model A,13 TO 15,89,80
935,4 ROOM,Model A,13 TO 15,90,80
936,4 ROOM,Model A,13 TO 15,91,80
937,4 ROOM,Model A,13 TO 15,92,80
938,4 ROOM,Model A,13 TO 15,93,80
939,4 ROOM,Model A,13 TO 15,94,80
940,4 ROOM,Model A,13 TO 15,95,80
941,4 ROOM,Model A,13 TO 15,96,80
942,4 ROOM,Model A,13 TO 15,97,80
943,4 ROOM,Model A,13 TO 15,99,80
944,4 ROOM,Model A,13 TO 15,100,100
945,4 ROOM,Model A,13 TO 15,101,100
946,4 ROOM,Model A,13 TO 15,102,100
947,4 ROOM,Model A,13 TO 15,103,100
948,4 ROOM,Model A,13 TO 15,104,100
949,4 ROOM,Model A,13 TO 15,105,100
950,4 ROOM,Model A,13 TO 15,106,100
951,4 ROOM,Model A,13 TO 15,107,100
952,4 ROOM,Model A,13 TO 15,108,100
953,4 ROOM,Model A,13 TO 15,109,100
954,4 ROOM,Model A,13 TO 15,110,100
955,4 ROOM,Model A,13 TO 15,111,100
956,4 ROOM,Model A,13 TO 15,113,100
957,4 ROOM,Model A,16 TO 18,76,60
958,4 ROOM,Model A,16 TO 18,85,80
959,4 ROOM,Model A,16 TO 18,86,80
960,4 ROOM,Model A,16 TO 18,87,80
961,4 ROOM,Model A,16 TO 18,88,80
962,4 ROOM,Model A,16 TO 18,89,80
963,4 ROOM,Model A,16 TO 18,90,80
964,4 ROOM,Model A,16 TO 18,91,80
965,4 ROOM,Model A,16 TO 18,92,80
966,4 ROOM,Model A,16 TO 18,93,80
967,4 ROOM,Model A,16 TO 18,94,80
968,4 ROOM,Model A,16 TO 18,95,80
969,4 ROOM,Model A,16 TO 18,96,80
970,4 ROOM,Model A,16 TO 18,99,80
971,4 ROOM,Model A,16 TO 18,100,100
972,4 ROOM,Model A,16 TO 18,101,100
973,4 ROOM,Model A,16 TO 18,102,100
974,4 ROOM,Model A,16 TO 18,103,100
975,4 ROOM,Model A,16 TO 18,104,100
976,4 ROOM,Model A,16 TO 18,105,100
977,4 ROOM,Model A,16 TO 18,106,100
978,4 ROOM,Model A,16 TO 18,107,100
979,4 ROOM,Model A,16 TO 18,108,100
980,4 ROOM,Model A,16 TO 18,109,100
981,4 ROOM,Model A,16 TO 18,110,100
982,4 ROOM,Model A,16 TO 18,114,100
983,4 ROOM,Model A,19 TO 21,76,60
984,4 ROOM,Model A,19 TO 21,85,80
985,4 ROOM,Model A,19 TO 21,86,80
986,4 ROOM,Model A,19 TO 21,87,80
987,4 ROOM,Model A,19 TO 21,90,80
988,4 ROOM,Model A,19 TO 21,91,80
989,4 ROOM,Model A,19 TO 21,92,80
990,4 ROOM,Model A,19 TO 21,93,80
991,4 ROOM,Model A,19 TO 21,94,80
992,4 ROOM,Model A,19 TO 21,95,80
993,4 ROOM,Model A,19 TO 21,96,80
994,4 ROOM,Model A,19 TO 21,99,80
995,4 ROOM,Model A,19 TO 21,100,100
996,4 ROOM,Model A,19 TO 21,101,100
997,4 ROOM,Model A,19 TO 21,103,100
998,4 ROOM,Model A,19 TO 21,105,100
999,4 ROOM,Model A,19 TO 21,106,100
1000,4 ROOM,Model A,19 TO 21,108,100
1001,4 ROOM,Model A,19 TO 21,115,100
1002,4 ROOM,Model A,22 TO 24,75,60
1003,4 ROOM,Model A,22 TO 24,76,60
1004,4 ROOM,Model A,22 TO 24,85,80
1005,4 ROOM,Model A,22 TO 24,89,80
1006,4 ROOM,Model A,22 TO 24,90,80
1007,4 ROOM,Model A,22 TO 24,91,80
1008,4 ROOM,Model A,22 TO 24,92,80
1009,4 ROOM,Model A,22 TO 24,93,80
1010,4 ROOM,Model A,22 TO 24,94,80
1011,4 ROOM,Model A,22 TO 24,95,80
1012,4 ROOM,Model A,22 TO 24,96,80
1013,4 ROOM,Model A,22 TO 24,99,80
1014,4 ROOM,Model A,22 TO 24,100,100
1015,4 ROOM,Model A,22 TO 24,101,100
1016,4 ROOM,Model A,22 TO 24,102,100
1017,4 ROOM,Model A,22 TO 24,105,100
1018,4 ROOM,Model A,22 TO 24,108,100
1019,4 ROOM,Model A,25 TO 27,85,80
1020,4 ROOM,Model A,25 TO 27,86,80
1021,4 ROOM,Model A,25 TO 27,87,80
1022,4 ROOM,Model A,25 TO 27,88,80
1023,4 ROOM,Model A,25 TO 27,90,80
1024,4 ROOM,Model A,25 TO 27,91,80
1025,4 ROOM,Model A,25 TO 27,92,80
1026,4 ROOM,Model A,25 TO 27,93,80
1027,4 ROOM,Model A,25 TO 27,95,80
1028,4 ROOM,Model A,25 TO 27,96,80
1029,4 ROOM,Model A,25 TO 27,99,80
1030,4 ROOM,Model A,25 TO 27,100,100
1031,4 ROOM,Model A,25 TO 27,101,100
1032,4 ROOM,Model A,25 TO 27,105,100
1033,4 ROOM,Model A,28 TO 30,83,80
1034,4 ROOM,Model A,28 TO 30,85,80
1035,4 ROOM,Model A,28 TO 30,86,80
1036,4 ROOM,Model A,28 TO 30,88,80
1037,4 ROOM,Model A,28 TO 30,89,80
1038,4 ROOM,Model A,28 TO 30,90,80
1039,4 ROOM,Model A,28 TO 30,91,80
1040,4 ROOM,Model A,28 TO 30,92,80
1041,4 ROOM,Model A,28 TO 30,93,80
1042,4 ROOM,Model A,28 TO 30,94,80
1043,4 ROOM,Model A,28 TO 30,95,80
1044,4 ROOM,Model A,28 TO 30,96,80
1045,4 ROOM,Model A,28 TO 30,100,100
1046,4 ROOM,Model A,31 TO 33,83,80
1047,4 ROOM,Model A,31 TO 33,90,80
1048,4 ROOM,Model A,31 TO 33,91,80
1049,4 ROOM,Model A,31 TO 33,92,80
1050,4 ROOM,Model A,31 TO 33,93,80
1051,4 ROOM,Model A,31 TO 33,95,80
1052,4 ROOM,Model A,34 TO 36,83,80
1053,4 ROOM,Model A,34 TO 36,87,80
1054,4 ROOM,Model A,34 TO 36,89,80
1055,4 ROOM,Model A,34 TO 36,90,80
1056,4 ROOM,Model A,34 TO 36,91,80
1057,4 ROOM,Model A,34 TO 36,92,80
1058,4 ROOM,Model A,34 TO 36,93,80
1059,4 ROOM,Model A,34 TO 36,94,80
1060,4 ROOM,Model A,37 TO 39,86,80
1061,4 ROOM,Model A,37 TO 39,87,80
1062,4 ROOM,Model A,37 TO 39,90,80
1063,4 ROOM,Model A,37 TO 39,91,80
1064,4 ROOM,Model A,37 TO 39,92,80
1065,4 ROOM,Model A,37 TO 39,93,80
1066,4 ROOM,Model A,37 TO 39,94,80
1067,4 ROOM,Model A,40 TO 42,88,80
1068,4 ROOM,Model A,40 TO 42,90,80
1069,4 ROOM,Model A,40 TO 42,91,80
1070,4 ROOM,Model A,40 TO 42,92,80
1071,4 ROOM,Model A,40 TO 42,93,80
1072,4 ROOM,Model A2,01 TO 03,84,80
1073,4 ROOM,Model A2,01 TO 03,85,80
1074,4 ROOM,Model A2,01 TO 03,86,80
1075,4 ROOM,Model A2,01 TO 03,87,80
1076,4 ROOM,Model A2,01 TO 03,88,80
1077,4 ROOM,Model A2,01 TO 03,90,80
1078,4 ROOM,Model A2,01 TO 03,91,80
1079,4 ROOM,Model A2,01 TO 03,92,80
1080,4 ROOM,Model A2,01 TO 03,93,80
1081,4 ROOM,Model A2,01 TO 03,94,80
1082,4 ROOM,Model A2,01 TO 03,95,80
1083,4 ROOM,Model A2,01 TO 03,99,80
1084,4 ROOM,Model A2,01 TO 03,100,100
1085,4 ROOM,Model A2,01 TO 03,101,100
1086,4 ROOM,Model A2,04 TO 06,85,80
1087,4 ROOM,Model A2,04 TO 06,86,80
1088,4 ROOM,Model A2,04 TO 06,87,80
1089,4 ROOM,Model A2,04 TO 06,88,80
1090,4 ROOM,Model A2,04 TO 06,90,80
1091,4 ROOM,Model A2,04 TO 06,91,80
1092,4 ROOM,Model A2,04 TO 06,92,80
1093,4 ROOM,Model A2,04 TO 06,93,80
1094,4 ROOM,Model A2,04 TO 06,94,80
1095,4 ROOM,Model A2,04 TO 06,95,80
1096,4 ROOM,Model A2,04 TO 06,96,80
1097,4 ROOM,Model A2,04 TO 06,99,80
1098,4 ROOM,Model A2,04 TO 06,101,100
1099,4 ROOM,Model A2,07 TO 09,85,80
1100,4 ROOM,Model A2,07 TO 09,86,80
1101,4 ROOM,Model A2,07 TO 09,87,80
1102,4 ROOM,Model A2,07 TO 09,88,80
1103,4 ROOM,Model A2,07 TO 09,90,80
1104,4 ROOM,Model A2,07 TO 09,91,80
1105,4 ROOM,Model A2,07 TO 09,92,80
1106,4 ROOM,Model A2,07 TO 09,93,80
1107,4 ROOM,Model A2,07 TO 09,96,80
1108,4 ROOM,Model A2,07 TO 09,100,100
1109,4 ROOM,Model A2,10 TO 12,85,80
1110,4 ROOM,Model A2,10 TO 12,86,80
1111,4 ROOM,Model A2,10 TO 12,87,80
1112,4 ROOM,Model A2,10 TO 12,88,80
1113,4 ROOM,Model A2,10 TO 12,90,80
1114,4 ROOM,Model A2,10 TO 12,91,80
1115,4 ROOM,Model A2,10 TO 12,92,80
1116,4 ROOM,Model A2,10 TO 12,93,80
1117,4 ROOM,Model A2,10 TO 12,96,80
1118,4 ROOM,Model A2,10 TO 12,100,100
1119,4 ROOM,Model A2,13 TO 15,85,80
1120,4 ROOM,Model A2,13 TO 15,86,80
1121,4 ROOM,Model A2,13 TO 15,87,80
1122,4 ROOM,Model A2,13 TO 15,88,80
1123,4 ROOM,Model A2,13 TO 15,90,80
1124,4 ROOM,Model A2,13 TO 15,91,80
1125,4 ROOM,Model A2,13 TO 15,92,80
1126,4 ROOM,Model A2,13 TO 15,93,80
1127,4 ROOM,Model A2,16 TO 18,85,80
1128,4 ROOM,Model A2,16 TO 18,90,80
1129,4 ROOM,New Generation,01 TO 03,81,80
1130,4 ROOM,New Generation,01 TO 03,83,80
1131,4 ROOM,New Generation,01 TO 03,89,80
1132,4 ROOM,New Generation,01 TO 03,90,80
1133,4 ROOM,New Generation,01 TO 03,91,80
1134,4 ROOM,New Generation,01 TO 03,92,80
1135,4 ROOM,New Generation,01 TO 03,93,80
1136,4 ROOM,New Generation,01 TO 03,94,80
1137,4 ROOM,New Generation,01 TO 03,95,80
1138,4 ROOM,New Generation,01 TO 03,96,80
1139,4 ROOM,New Generation,01 TO 03,97,80
1140,4 ROOM,New Generation,01 TO 03,98,80
1141,4 ROOM,New Generation,01 TO 03,99,80
1142,4 ROOM,New Generation,01 TO 03,100,100
1143,4 ROOM,New Generation,01 TO 03,101,100
1144,4 ROOM,New Generation,01 TO 03,105,100
1145,4 ROOM,New Generation,01 TO 03,108,100
1146,4 ROOM,New Generation,04 TO 06,83,80
1147,4 ROOM,New Generation,04 TO 06,88,80
1148,4 ROOM,New Generation,04 TO 06,90,80
1149,4 ROOM,New Generation,04 TO 06,91,80
1150,4 ROOM,New Generation,04 TO 06,92,80
1151,4 ROOM,New Generation,04 TO 06,93,80
1152,4 ROOM,New Generation,04 TO 06,94,80
1153,4 ROOM,New Generation,04 TO 06,95,80
1154,4 ROOM,New Generation,04 TO 06,96,80
1155,4 ROOM,New Generation,04 TO 06,97,80
1156,4 ROOM,New Generation,04 TO 06,98,80
1157,4 ROOM,New Generation,04 TO 06,99,80
1158,4 ROOM,New Generation,04 TO 06,100,100
1159,4 ROOM,New Generation,04 TO 06,102,100
1160,4 ROOM,New Generation,04 TO 06,105,100
1161,4 ROOM,New Generation,04 TO 06,109,100
1162,4 ROOM,New Generation,07 TO 09,81,80
1163,4 ROOM,New Generation,07 TO 09,83,80
1164,4 ROOM,New Generation,07 TO 09,89,80
1165,4 ROOM,New Generation,07 TO 09,90,80
1166,4 ROOM,New Generation,07 TO 09,91,80
1167,4 ROOM,New Generation,07 TO 09,92,80
1168,4 ROOM,New Generation,07 TO 09,93,80
1169,4 ROOM,New Generation,07 TO 09,94,80
1170,4 ROOM,New Generation,07 TO 09,95,80
1171,4 ROOM,New Generation,07 TO 09,96,80
1172,4 ROOM,New Generation,07 TO 09,97,80
1173,4 ROOM,New Generation,07 TO 09,98,80
1174,4 ROOM,New Generation,07 TO 09,99,80
1175,4 ROOM,New Generation,07 TO 09,100,100
1176,4 ROOM,New Generation,07 TO 09,102,100
1177,4 ROOM,New Generation,07 TO 09,109,100
1178,4 ROOM,New Generation,10 TO 12,83,80
1179,4 ROOM,New Generation,10 TO 12,89,80
1180,4 ROOM,New Generation,10 TO 12,90,80
1181,4 ROOM,New Generation,10 TO 12,91,80
1182,4 ROOM,New Generation,10 TO 12,92,80
1183,4 ROOM,New Generation,10 TO 12,93,80
1184,4 ROOM,New Generation,10 TO 12,94,80
1185,4 ROOM,New Generation,10 TO 12,95,80
1186,4 ROOM,New Generation,10 TO 12,96,80
1187,4 ROOM,New Generation,10 TO 12,97,80
1188,4 ROOM,New Generation,10 TO 12,98,80
1189,4 ROOM,New Generation,10 TO 12,99,80
1190,4 ROOM,New Generation,10 TO 12,100,100
1191,4 ROOM,New Generation,10 TO 12,102,100
1192,4 ROOM,New Generation,10 TO 12,104,100
1193,4 ROOM,New Generation,10 TO 12,123,120
1194,4 ROOM,New Generation,10 TO 12,135,120
1195,4 ROOM,New Generation,13 TO 15,91,80
1196,4 ROOM,New Generation,13 TO 15,92,80
1197,4 ROOM,New Generation,13 TO 15,93,80
1198,4 ROOM,New Generation,13 TO 15,94,80
1199,4 ROOM,New Generation,13 TO 15,95,80
1200,4 ROOM,New Generation,13 TO 15,97,80
1201,4 ROOM,New Generation,13 TO 15,98,80
1202,4 ROOM,New Generation,13 TO 15,99,80
1203,4 ROOM,New Generation,13 TO 15,103,100
1204,4 ROOM,New Generation,13 TO 15,106,100
1205,4 ROOM,New Generation,16 TO 18,91,80
1206,4 ROOM,New Generation,16 TO 18,92,80
1207,4 ROOM,New Generation,16 TO 18,94,80
1208,4 ROOM,Premium Apartment,01 TO 03,90,80
1209,4 ROOM,Premium Apartment,01 TO 03,91,80
1210,4 ROOM,Premium Apartment,01 TO 03,92,80
1211,4 ROOM,Premium Apartment,01 TO 03,93,80
1212,4 ROOM,Premium Apartment,01 TO 03,94,80
1213,4 ROOM,Premium Apartment,01 TO 03,95,80
1214,4 ROOM,Premium Apartment,01 TO 03,96,80
1215,4 ROOM,Premium Apartment,01 TO 03,97,80
1216,4 ROOM,Premium Apartment,01 TO 03,99,80
1217,4 ROOM,Premium Apartment,01 TO 03,100,100
1218,4 ROOM,Premium Apartment,01 TO 03,101,100
1219,4 ROOM,Premium Apartment,01 TO 03,102,100
1220,4 ROOM,Premium Apartment,01 TO 03,103,100
1221,4 ROOM,Premium Apartment,01 TO 03,104,100
1222,4 ROOM,Premium Apartment,01 TO 03,105,100
1223,4 ROOM,Premium Apartment,01 TO 03,106,100
1224,4 ROOM,Premium Apartment,01 TO 03,107,100
1225,4 ROOM,Premium Apartment,01 TO 03,113,100
1226,4 ROOM,Premium Apartment,04 TO 06,83,80
1227,4 ROOM,Premium Apartment,04 TO 06,87,80
1228,4 ROOM,Premium Apartment,04 TO 06,90,80
1229,4 ROOM,Premium Apartment,04 TO 06,91,80
1230,4 ROOM,Premium Apartment,04 TO 06,92,80
1231,4 ROOM,Premium Apartment,04 TO 06,93,80
1232,4 ROOM,Premium Apartment,04 TO 06,94,80
1233,4 ROOM,Premium Apartment,04 TO 06,95,80
1234,4 ROOM,Premium Apartment,04 TO 06,96,80
1235,4 ROOM,Premium Apartment,04 TO 06,97,80
1236,4 ROOM,Premium Apartment,04 TO 06,98,80
1237,4 ROOM,Premium Apartment,04 TO 06,99,80
1238,4 ROOM,Premium Apartment,04 TO 06,100,100
1239,4 ROOM,Premium Apartment,04 TO 06,101,100
1240,4 ROOM,Premium Apartment,04 TO 06,102,100
1241,4 ROOM,Premium Apartment,04 TO 06,103,100
1242,4 ROOM,Premium Apartment,04 TO 06,104,100
1243,4 ROOM,Premium Apartment,04 TO 06,105,100
1244,4 ROOM,Premium Apartment,04 TO 06,106,100
1245,4 ROOM,Premium Apartment,04 TO 06,107,100
1246,4 ROOM,Premium Apartment,04 TO 06,113,100
1247,4 ROOM,Premium Apartment,07 TO 09,83,80
1248,4 ROOM,Premium Apartment,07 TO 09,88,80
1249,4 ROOM,Premium Apartment,07 TO 09,90,80
1250,4 ROOM,Premium Apartment,07 TO 09,91,80
1251,4 ROOM,Premium Apartment,07 TO 09,92,80
1252,4 ROOM,Premium Apartment,07 TO 09,93,80
1253,4 ROOM,Premium Apartment,07 TO 09,94,80
1254,4 ROOM,Premium Apartment,07 TO 09,95,80
1255,4 ROOM,Premium Apartment,07 TO 09,96,80
1256,4 ROOM,Premium Apartment,07 TO 09,97,80
1257,4 ROOM,Premium Apartment,07 TO 09,98,80
1258,4 ROOM,Premium Apartment,07 TO 09,101,100
1259,4 ROOM,Premium Apartment,07 TO 09,102,100
1260,4 ROOM,Premium Apartment,07 TO 09,103,100
1261,4 ROOM,Premium Apartment,07 TO 09,104,100
1262,4 ROOM,Premium Apartment,07 TO 09,105,100
1263,4 ROOM,Premium Apartment,07 TO 09,106,100
1264,4 ROOM,Premium Apartment,07 TO 09,107,100
1265,4 ROOM,Premium Apartment,07 TO 09,113,100
1266,4 ROOM,Premium Apartment,10 TO 12,83,80
1267,4 ROOM,Premium Apartment,10 TO 12,87,80
1268,4 ROOM,Premium Apartment,10 TO 12,90,80
1269,4 ROOM,Premium Apartment,10 TO 12,91,80
1270,4 ROOM,Premium Apartment,10 TO 12,92,80
1271,4 ROOM,Premium Apartment,10 TO 12,93,80
1272,4 ROOM,Premium Apartment,10 TO 12,94,80
1273,4 ROOM,Premium Apartment,10 TO 12,95,80
1274,4 ROOM,Premium Apartment,10 TO 12,96,80
1275,4 ROOM,Premium Apartment,10 TO 12,97,80
1276,4 ROOM,Premium Apartment,10 TO 12,98,80
1277,4 ROOM,Premium Apartment,10 TO 12,99,80
1278,4 ROOM,Premium Apartment,10 TO 12,100,100
1279,4 ROOM,Premium Apartment,10 TO 12,101,100
1280,4 ROOM,Premium Apartment,10 TO 12,102,100
1281,4 ROOM,Premium Apartment,10 TO 12,103,100
1282,4 ROOM,Premium Apartment,10 TO 12,104,100
1283,4 ROOM,Premium Apartment,10 TO 12,105,100
1284,4 ROOM,Premium Apartment,10 TO 12,106,100
1285,4 ROOM,Premium Apartment,10 TO 12,107,100
1286,4 ROOM,Premium Apartment,13 TO 15,83,80
1287,4 ROOM,Premium Apartment,13 TO 15,90,80
1288,4 ROOM,Premium Apartment,13 TO 15,91,80
1289,4 ROOM,Premium Apartment,13 TO 15,92,80
1290,4 ROOM,Premium Apartment,13 TO 15,93,80
1291,4 ROOM,Premium Apartment,13 TO 15,94,80
1292,4 ROOM,Premium Apartment,13 TO 15,95,80
1293,4 ROOM,Premium Apartment,13 TO 15,96,80
1294,4 ROOM,Premium Apartment,13 TO 15,97,80
1295,4 ROOM,Premium Apartment,13 TO 15,98,80
1296,4 ROOM,Premium Apartment,13 TO 15,99,80
1297,4 ROOM,Premium Apartment,13 TO 15,100,100
1298,4 ROOM,Premium Apartment,13 TO 15,101,100
1299,4 ROOM,Premium Apartment,13 TO 15,102,100
1300,4 ROOM,Premium Apartment,13 TO 15,103,100
1301,4 ROOM,Premium Apartment,13 TO 15,104,100
1302,4 ROOM,Premium Apartment,13 TO 15,105,100
1303,4 ROOM,Premium Apartment,13 TO 15,113,100
1304,4 ROOM,Premium Apartment,16 TO 18,83,80
1305,4 ROOM,Premium Apartment,16 TO 18,88,80
1306,4 ROOM,Premium Apartment,16 TO 18,90,80
1307,4 ROOM,Premium Apartment,16 TO 18,91,80
1308,4 ROOM,Premium Apartment,16 TO 18,92,80
1309,4 ROOM,Premium Apartment,16 TO 18,93,80
1310,4 ROOM,Premium Apartment,16 TO 18,94,80
1311,4 ROOM,Premium Apartment,16 TO 18,95,80
1312,4 ROOM,Premium Apartment,16 TO 18,96,80
1313,4 ROOM,Premium Apartment,16 TO 18,99,80
1314,4 ROOM,Premium Apartment,16 TO 18,100,100
1315,4 ROOM,Premium Apartment,16 TO 18,102,100
1316,4 ROOM,Premium Apartment,16 TO 18,105,100
1317,4 ROOM,Premium Apartment,16 TO 18,107,100
1318,4 ROOM,Premium Apartment,19 TO 21,87,80
1319,4 ROOM,Premium Apartment,19 TO 21,88,80
1320,4 ROOM,Premium Apartment,19 TO 21,90,80
1321,4 ROOM,Premium Apartment,19 TO 21,91,80
1322,4 ROOM,Premium Apartment,19 TO 21,92,80
1323,4 ROOM,Premium Apartment,19 TO 21,93,80
1324,4 ROOM,Premium Apartment,19 TO 21,94,80
1325,4 ROOM,Premium Apartment,19 TO 21,95,80
1326,4 ROOM,Premium Apartment,19 TO 21,96,80
1327,4 ROOM,Premium Apartment,22 TO 24,83,80
1328,4 ROOM,Premium Apartment,22 TO 24,88,80
1329,4 ROOM,Premium Apartment,22 TO 24,91,80
1330,4 ROOM,Premium Apartment,22 TO 24,92,80
1331,4 ROOM,Premium Apartment,22 TO 24,93,80
1332,4 ROOM,Premium Apartment,22 TO 24,94,80
1333,4 ROOM,Premium Apartment,22 TO 24,95,80
1334,4 ROOM,Premium Apartment,22 TO 24,96,80
1335,4 ROOM,Premium Apartment,22 TO 24,98,80
1336,4 ROOM,Premium Apartment,22 TO 24,102,100
1337,4 ROOM,Premium Apartment,22 TO 24,103,100
1338,4 ROOM,Premium Apartment,25 TO 27,88,80
1339,4 ROOM,Premium Apartment,25 TO 27,90,80
1340,4 ROOM,Premium Apartment,25 TO 27,92,80
1341,4 ROOM,Premium Apartment,25 TO 27,95,80
1342,4 ROOM,Premium Apartment,25 TO 27,96,80
1343,4 ROOM,Premium Apartment,28 TO 30,83,80
1344,4 ROOM,Premium Apartment,28 TO 30,87,80
1345,4 ROOM,Premium Apartment,28 TO 30,90,80
1346,4 ROOM,Premium Apartment,28 TO 30,92,80
1347,4 ROOM,Premium Apartment,28 TO 30,93,80
1348,4 ROOM,Premium Apartment,28 TO 30,95,80
1349,4 ROOM,Premium Apartment,28 TO 30,98,80
1350,4 ROOM,Premium Apartment,28 TO 30,122,120
1351,4 ROOM,Premium Apartment,28 TO 30,123,120
1352,4 ROOM,Premium Apartment,31 TO 33,83,80
1353,4 ROOM,Premium Apartment,31 TO 33,87,80
1354,4 ROOM,Premium Apartment,31 TO 33,92,80
1355,4 ROOM,Premium Apartment,34 TO 36,83,80
1356,4 ROOM,Premium Apartment,34 TO 36,87,80
1357,4 ROOM,Premium Apartment,34 TO 36,93,80
1358,4 ROOM,Premium Apartment,34 TO 36,95,80
1359,4 ROOM,Premium Apartment,37 TO 39,83,80
1360,4 ROOM,Premium Apartment,40 TO 42,83,80
1361,4 ROOM,Premium Apartment,40 TO 42,87,80
1362,4 ROOM,Premium Apartment,43 TO 45,83,80
1363,4 ROOM,Premium Apartment,43 TO 45,87,80
1364,4 ROOM,Premium Apartment,46 TO 48,83,80
1365,4 ROOM,Premium Apartment Loft,04 TO 06,95,80
1366,4 ROOM,Premium Apartment Loft,10 TO 12,97,80
1367,4 ROOM,Premium Apartment Loft,13 TO 15,97,80
1368,4 ROOM,Premium Apartment Loft,16 TO 18,95,80
1369,4 ROOM,Premium Apartment Loft,28 TO 30,97,80
1370,4 ROOM,Premium Apartment Loft,40 TO 42,95,80
1371,4 ROOM,Simplified,01 TO 03,83,80
1372,4 ROOM,Simplified,01 TO 03,84,80
1373,4 ROOM,Simplified,01 TO 03,85,80
1374,4 ROOM,Simplified,01 TO 03,86,80
1375,4 ROOM,Simplified,01 TO 03,88,80
1376,4 ROOM,Simplified,01 TO 03,89,80
1377,4 ROOM,Simplified,01 TO 03,90,80
1378,4 ROOM,Simplified,01 TO 03,91,80
1379,4 ROOM,Simplified,04 TO 06,83,80
1380,4 ROOM,Simplified,04 TO 06,84,80
1381,4 ROOM,Simplified,04 TO 06,85,80
1382,4 ROOM,Simplified,04 TO 06,86,80
1383,4 ROOM,Simplified,04 TO 06,88,80
1384,4 ROOM,Simplified,04 TO 06,89,80
1385,4 ROOM,Simplified,07 TO 09,83,80
1386,4 ROOM,Simplified,07 TO 09,84,80
1387,4 ROOM,Simplified,07 TO 09,85,80
1388,4 ROOM,Simplified,07 TO 09,87,80
1389,4 ROOM,Simplified,07 TO 09,88,80
1390,4 ROOM,Simplified,07 TO 09,89,80
1391,4 ROOM,Simplified,07 TO 09,90,80
1392,4 ROOM,Simplified,07 TO 09,91,80
1393,4 ROOM,Simplified,10 TO 12,83,80
1394,4 ROOM,Simplified,10 TO 12,84,80
1395,4 ROOM,Simplified,10 TO 12,85,80
1396,4 ROOM,Simplified,10 TO 12,87,80
1397,4 ROOM,Simplified,10 TO 12,88,80
1398,4 ROOM,Simplified,10 TO 12,89,80
1399,4 ROOM,Simplified,10 TO 12,90,80
1400,4 ROOM,Simplified,13 TO 15,84,80
1401,4 ROOM,Simplified,13 TO 15,90,80
1402,4 ROOM,Simplified,16 TO 18,84,80
1403,4 ROOM,Standard,01 TO 03,74,60
1404,4 ROOM,Standard,01 TO 03,110,100
1405,4 ROOM,Standard,04 TO 06,74,60
1406,4 ROOM,Standard,04 TO 06,80,80
1407,4 ROOM,Standard,07 TO 09,74,60
1408,4 ROOM,Standard,07 TO 09,80,80
1409,4 ROOM,Standard,16 TO 18,70,60
1410,4 ROOM,Standard,16 TO 18,83,80
1411,4 ROOM,Type S1,04 TO 06,93,80
1412,4 ROOM,Type S1,07 TO 09,93,80
1413,4 ROOM,Type S1,07 TO 09,95,80
1414,4 ROOM,Type S1,07 TO 09,96,80
1415,4 ROOM,Type S1,10 TO 12,93,80
1416,4 ROOM,Type S1,10 TO 12,95,80
1417,4 ROOM,Type S1,13 TO 15,95,80
1418,4 ROOM,Type S1,16 TO 18,93,80
1419,4 ROOM,Type S1,16 TO 18,95,80
1420,4 ROOM,Type S1,19 TO 21,93,80
1421,4 ROOM,Type S1,22 TO 24,93,80
1422,4 ROOM,Type S1,22 TO 24,96,80
1423,4 ROOM,Type S1,25 TO 27,94,80
1424,4 ROOM,Type S1,28 TO 30,95,80
1425,4 ROOM,Type S1,28 TO 30,97,80
1426,4 ROOM,Type S1,31 TO 33,94,80
1427,4 ROOM,Type S1,34 TO 36,95,80
1428,4 ROOM,Type S1,37 TO 39,95,80
1429,4 ROOM,Type S1,40 TO 42,93,80
1430,4 ROOM,Type S1,43 TO 45,93,80
1431,4 ROOM,Type S1,43 TO 45,94,80
1432,4 ROOM,Type S1,43 TO 45,95,80
1433,4 ROOM,Type S1,46 TO 48,93,80
1434,4 ROOM,Type S1,46 TO 48,95,80
1435,4 ROOM,Type S1,49 TO 51,94,80
1436,5 ROOM,3Gen,01 TO 03,120,120
1437,5 ROOM,3Gen,04 TO 06,120,120
1438,5 ROOM,3Gen,07 TO 09,120,120
1439,5 ROOM,3Gen,07 TO 09,121,120
1440,5 ROOM,3Gen,07 TO 09,123,120
1441,5 ROOM,3Gen,10 TO 12,120,120
1442,5 ROOM,3Gen,10 TO 12,121,120
1443,5 ROOM,3Gen,13 TO 15,120,120
1444,5 ROOM,3Gen,13 TO 15,121,120
1445,5 ROOM,3Gen,16 TO 18,120,120
1446,5 ROOM,Adjoined flat,01 TO 03,128,120
1447,5 ROOM,Adjoined flat,01 TO 03,134,120
1448,5 ROOM,Adjoined flat,01 TO 03,136,120
1449,5 ROOM,Adjoined flat,01 TO 03,140,140
1450,5 ROOM,Adjoined flat,04 TO 06,132,120
1451,5 ROOM,Adjoined flat,04 TO 06,136,120
1452,5 ROOM,Adjoined flat,04 TO 06,153,140
1453,5 ROOM,Adjoined flat,07 TO 09,130,120
1454,5 ROOM,Adjoined flat,07 TO 09,136,120
1455,5 ROOM,Adjoined flat,07 TO 09,146,140
1456,5 ROOM,Adjoined flat,10 TO 12,134,120
1457,5 ROOM,Adjoined flat,10 TO 12,152,140
1458,5 ROOM,Adjoined flat,13 TO 15,118,100
1459,5 ROOM,Adjoined flat,13 TO 15,130,120
1460,5 ROOM,Adjoined flat,19 TO 21,118,100
1461,5 ROOM,DBSS,01 TO 03,105,100
1462,5 ROOM,DBSS,01 TO 03,107,100
1463,5 ROOM,DBSS,01 TO 03,108,100
1464,5 ROOM,DBSS,01 TO 03,109,100
1465,5 ROOM,DBSS,01 TO 03,110,100
1466,5 ROOM,DBSS,01 TO 03,111,100
1467,5 ROOM,DBSS,01 TO 03,112,100
1468,5 ROOM,DBSS,04 TO 06,105,100
1469,5 ROOM,DBSS,04 TO 06,108,100
1470,5 ROOM,DBSS,04 TO 06,109,100
1471,5 ROOM,DBSS,04 TO 06,110,100
1472,5 ROOM,DBSS,04 TO 06,112,100
1473,5 ROOM,DBSS,04 TO 06,113,100
1474,5 ROOM,DBSS,04 TO 06,120,120
1475,5 ROOM,DBSS,07 TO 09,105,100
1476,5 ROOM,DBSS,07 TO 09,107,100
1477,5 ROOM,DBSS,07 TO 09,108,100
1478,5 ROOM,DBSS,07 TO 09,109,100
1479,5 ROOM,DBSS,07 TO 09,110,100
1480,5 ROOM,DBSS,07 TO 09,111,100
1481,5 ROOM,DBSS,07 TO 09,112,100
1482,5 ROOM,DBSS,07 TO 09,113,100
1483,5 ROOM,DBSS,07 TO 09,115,100
1484,5 ROOM,DBSS,07 TO 09,117,100
1485,5 ROOM,DBSS,07 TO 09,120,120
1486,5 ROOM,DBSS,10 TO 12,105,100
1487,5 ROOM,DBSS,10 TO 12,107,100
1488,5 ROOM,DBSS,10 TO 12,108,100
1489,5 ROOM,DBSS,10 TO 12,109,100
1490,5 ROOM,DBSS,10 TO 12,111,100
1491,5 ROOM,DBSS,10 TO 12,112,100
1492,5 ROOM,DBSS,10 TO 12,117,100
1493,5 ROOM,DBSS,13 TO 15,105,100
1494,5 ROOM,DBSS,13 TO 15,107,100
1495,5 ROOM,DBSS,13 TO 15,108,100
1496,5 ROOM,DBSS,13 TO 15,109,100
1497,5 ROOM,DBSS,13 TO 15,112,100
1498,5 ROOM,DBSS,13 TO 15,113,100
1499,5 ROOM,DBSS,13 TO 15,117,100
1500,5 ROOM,DBSS,16 TO 18,105,100
1501,5 ROOM,DBSS,16 TO 18,108,100
1502,5 ROOM,DBSS,16 TO 18,109,100
1503,5 ROOM,DBSS,16 TO 18,110,100
1504,5 ROOM,DBSS,16 TO 18,112,100
1505,5 ROOM,DBSS,16 TO 18,113,100
1506,5 ROOM,DBSS,16 TO 18,114,100
1507,5 ROOM,DBSS,19 TO 21,107,100
1508,5 ROOM,DBSS,19 TO 21,112,100
1509,5 ROOM,DBSS,19 TO 21,117,100
1510,5 ROOM,DBSS,19 TO 21,119,100
1511,5 ROOM,DBSS,22 TO 24,105,100
1512,5 ROOM,DBSS,22 TO 24,107,100
1513,5 ROOM,DBSS,22 TO 24,112,100
1514,5 ROOM,DBSS,22 TO 24,117,100
1515,5 ROOM,DBSS,25 TO 27,105,100
1516,5 ROOM,DBSS,25 TO 27,114,100
1517,5 ROOM,DBSS,25 TO 27,117,100
1518,5 ROOM,DBSS,28 TO 30,105,100
1519,5 ROOM,DBSS,28 TO 30,107,100
1520,5 ROOM,DBSS,28 TO 30,117,100
1521,5 ROOM,DBSS,28 TO 30,120,120
1522,5 ROOM,DBSS,31 TO 33,107,100
1523,5 ROOM,DBSS,31 TO 33,120,120
1524,5 ROOM,DBSS,34 TO 36,107,100
1525,5 ROOM,DBSS,34 TO 36,114,100
1526,5 ROOM,DBSS,34 TO 36,120,120
1527,5 ROOM,DBSS,37 TO 39,105,100
1528,5 ROOM,DBSS,37 TO 39,117,100
1529,5 ROOM,DBSS,40 TO 42,114,100
1530,5 ROOM,DBSS,40 TO 42,117,100
1531,5 ROOM,Improved,01 TO 03,108,100
1532,5 ROOM,Improved,01 TO 03,109,100
1533,5 ROOM,Improved,01 TO 03,110,100
1534,5 ROOM,Improved,01 TO 03,111,100
1535,5 ROOM,Improved,01 TO 03,112,100
1536,5 ROOM,Improved,01 TO 03,113,100
1537,5 ROOM,Improved,01 TO 03,114,100
1538,5 ROOM,Improved,01 TO 03,115,100
1539,5 ROOM,Improved,01 TO 03,116,100
1540,5 ROOM,Improved,01 TO 03,117,100
1541,5 ROOM,Improved,01 TO 03,118,100
1542,5 ROOM,Improved,01 TO 03,119,100
1543,5 ROOM,Improved,01 TO 03,120,120
1544,5 ROOM,Improved,01 TO 03,121,120
1545,5 ROOM,Improved,01 TO 03,122,120
1546,5 ROOM,Improved,01 TO 03,123,120
1547,5 ROOM,Improved,01 TO 03,124,120
1548,5 ROOM,Improved,01 TO 03,125,120
1549,5 ROOM,Improved,01 TO 03,126,120
1550,5 ROOM,Improved,01 TO 03,127,120
1551,5 ROOM,Improved,01 TO 03,128,120
1552,5 ROOM,Improved,01 TO 03,129,120
1553,5 ROOM,Improved,01 TO 03,130,120
1554,5 ROOM,Improved,01 TO 03,131,120
1555,5 ROOM,Improved,01 TO 03,132,120
1556,5 ROOM,Improved,01 TO 03,133,120
1557,5 ROOM,Improved,04 TO 06,109,100
1558,5 ROOM,Improved,04 TO 06,110,100
1559,5 ROOM,Improved,04 TO 06,111,100
1560,5 ROOM,Improved,04 TO 06,112,100
1561,5 ROOM,Improved,04 TO 06,113,100
1562,5 ROOM,Improved,04 TO 06,114,100
1563,5 ROOM,Improved,04 TO 06,115,100
1564,5 ROOM,Improved,04 TO 06,116,100
1565,5 ROOM,Improved,04 TO 06,117,100
1566,5 ROOM,Improved,04 TO 06,118,100
1567,5 ROOM,Improved,04 TO 06,119,100
1568,5 ROOM,Improved,04 TO 06,120,120
1569,5 ROOM,Improved,04 TO 06,121,120
1570,5 ROOM,Improved,04 TO 06,122,120
1571,5 ROOM,Improved,04 TO 06,123,120
1572,5 ROOM,Improved,04 TO 06,124,120
1573,5 ROOM,Improved,04 TO 06,125,120
1574,5 ROOM,Improved,04 TO 06,126,120
1575,5 ROOM,Improved,04 TO 06,127,120
1576,5 ROOM,Improved,04 TO 06,128,120
1577,5 ROOM,Improved,04 TO 06,129,120
1578,5 ROOM,Improved,04 TO 06,130,120
1579,5 ROOM,Improved,04 TO 06,131,120
1580,5 ROOM,Improved,04 TO 06,132,120
1581,5 ROOM,Improved,04 TO 06,133,120
1582,5 ROOM,Improved,04 TO 06,134,120
1583,5 ROOM,Improved,07 TO 09,109,100
1584,5 ROOM,Improved,07 TO 09,110,100
1585,5 ROOM,Improved,07 TO 09,111,100
1586,5 ROOM,Improved,07 TO 09,112,100
1587,5 ROOM,Improved,07 TO 09,113,100
1588,5 ROOM,Improved,07 TO 09,114,100
1589,5 ROOM,Improved,07 TO 09,115,100
1590,5 ROOM,Improved,07 TO 09,116,100
1591,5 ROOM,Improved,07 TO 09,117,100
1592,5 ROOM,Improved,07 TO 09,118,100
1593,5 ROOM,Improved,07 TO 09,119,100
1594,5 ROOM,Improved,07 TO 09,120,120
1595,5 ROOM,Improved,07 TO 09,121,120
1596,5 ROOM,Improved,07 TO 09,122,120
1597,5 ROOM,Improved,07 TO 09,123,120
1598,5 ROOM,Improved,07 TO 09,124,120
1599,5 ROOM,Improved,07 TO 09,125,120
1600,5 ROOM,Improved,07 TO 09,126,120
1601,5 ROOM,Improved,07 TO 09,127,120
1602,5 ROOM,Improved,07 TO 09,128,120
1603,5 ROOM,Improved,07 TO 09,129,120
1604,5 ROOM,Improved,07 TO 09,130,120
1605,5 ROOM,Improved,07 TO 09,131,120
1606,5 ROOM,Improved,07 TO 09,132,120
1607,5 ROOM,Improved,07 TO 09,133,120
1608,5 ROOM,Improved,07 TO 09,137,120
1609,5 ROOM,Improved,10 TO 12,110,100
1610,5 ROOM,Improved,10 TO 12,111,100
1611,5 ROOM,Improved,10 TO 12,112,100
1612,5 ROOM,Improved,10 TO 12,113,100
1613,5 ROOM,Improved,10 TO 12,114,100
1614,5 ROOM,Improved,10 TO 12,115,100
1615,5 ROOM,Improved,10 TO 12,116,100
1616,5 ROOM,Improved,10 TO 12,117,100
1617,5 ROOM,Improved,10 TO 12,118,100
1618,5 ROOM,Improved,10 TO 12,119,100
1619,5 ROOM,Improved,10 TO 12,120,120
1620,5 ROOM,Improved,10 TO 12,121,120
1621,5 ROOM,Improved,10 TO 12,122,120
1622,5 ROOM,Improved,10 TO 12,123,120
1623,5 ROOM,Improved,10 TO 12,124,120
1624,5 ROOM,Improved,10 TO 12,125,120
1625,5 ROOM,Improved,10 TO 12,126,120
1626,5 ROOM,Improved,10 TO 12,127,120
1627,5 ROOM,Improved,10 TO 12,128,120
1628,5 ROOM,Improved,10 TO 12,129,120
1629,5 ROOM,Improved,10 TO 12,130,120
1630,5 ROOM,Improved,10 TO 12,131,120
1631,5 ROOM,Improved,10 TO 12,132,120
1632,5 ROOM,Improved,13 TO 15,105,100
1633,5 ROOM,Improved,13 TO 15,109,100
1634,5 ROOM,Improved,13 TO 15,110,100
1635,5 ROOM,Improved,13 TO 15,111,100
1636,5 ROOM,Improved,13 TO 15,112,100
1637,5 ROOM,Improved,13 TO 15,113,100
1638,5 ROOM,Improved,13 TO 15,114,100
1639,5 ROOM,Improved,13 TO 15,115,100
1640,5 ROOM,Improved,13 TO 15,116,100
1641,5 ROOM,Improved,13 TO 15,117,100
1642,5 ROOM,Improved,13 TO 15,118,100
1643,5 ROOM,Improved,13 TO 15,119,100
1644,5 ROOM,Improved,13 TO 15,120,120
1645,5 ROOM,Improved,13 TO 15,121,120
1646,5 ROOM,Improved,13 TO 15,122,120
1647,5 ROOM,Improved,13 TO 15,123,120
1648,5 ROOM,Improved,13 TO 15,124,120
1649,5 ROOM,Improved,13 TO 15,125,120
1650,5 ROOM,Improved,13 TO 15,126,120
1651,5 ROOM,Improved,13 TO 15,127,120
1652,5 ROOM,Improved,13 TO 15,128,120
1653,5 ROOM,Improved,13 TO 15,129,120
1654,5 ROOM,Improved,13 TO 15,132,120
1655,5 ROOM,Improved,13 TO 15,137,120
1656,5 ROOM,Improved,16 TO 18,105,100
1657,5 ROOM,Improved,16 TO 18,110,100
1658,5 ROOM,Improved,16 TO 18,111,100
1659,5 ROOM,Improved,16 TO 18,112,100
1660,5 ROOM,Improved,16 TO 18,113,100
1661,5 ROOM,Improved,16 TO 18,114,100
1662,5 ROOM,Improved,16 TO 18,115,100
1663,5 ROOM,Improved,16 TO 18,116,100
1664,5 ROOM,Improved,16 TO 18,117,100
1665,5 ROOM,Improved,16 TO 18,118,100
1666,5 ROOM,Improved,16 TO 18,119,100
1667,5 ROOM,Improved,16 TO 18,120,120
1668,5 ROOM,Improved,16 TO 18,121,120
1669,5 ROOM,Improved,16 TO 18,122,120
1670,5 ROOM,Improved,16 TO 18,123,120
1671,5 ROOM,Improved,16 TO 18,124,120
1672,5 ROOM,Improved,16 TO 18,125,120
1673,5 ROOM,Improved,16 TO 18,126,120
1674,5 ROOM,Improved,16 TO 18,127,120
1675,5 ROOM,Improved,16 TO 18,131,120
1676,5 ROOM,Improved,19 TO 21,105,100
1677,5 ROOM,Improved,19 TO 21,110,100
1678,5 ROOM,Improved,19 TO 21,111,100
1679,5 ROOM,Improved,19 TO 21,112,100
1680,5 ROOM,Improved,19 TO 21,113,100
1681,5 ROOM,Improved,19 TO 21,114,100
1682,5 ROOM,Improved,19 TO 21,115,100
1683,5 ROOM,Improved,19 TO 21,117,100
1684,5 ROOM,Improved,19 TO 21,118,100
1685,5 ROOM,Improved,19 TO 21,119,100
1686,5 ROOM,Improved,19 TO 21,120,120
1687,5 ROOM,Improved,19 TO 21,121,120
1688,5 ROOM,Improved,19 TO 21,122,120
1689,5 ROOM,Improved,19 TO 21,124,120
1690,5 ROOM,Improved,19 TO 21,125,120
1691,5 ROOM,Improved,19 TO 21,127,120
1692,5 ROOM,Improved,22 TO 24,105,100
1693,5 ROOM,Improved,22 TO 24,109,100
1694,5 ROOM,Improved,22 TO 24,110,100
1695,5 ROOM,Improved,22 TO 24,112,100
1696,5 ROOM,Improved,22 TO 24,113,100
1697,5 ROOM,Improved,22 TO 24,115,100
1698,5 ROOM,Improved,22 TO 24,116,100
1699,5 ROOM,Improved,22 TO 24,117,100
1700,5 ROOM,Improved,22 TO 24,118,100
1701,5 ROOM,Improved,22 TO 24,119,100
1702,5 ROOM,Improved,22 TO 24,120,120
1703,5 ROOM,Improved,22 TO 24,121,120
1704,5 ROOM,Improved,22 TO 24,122,120
1705,5 ROOM,Improved,22 TO 24,128,120
1706,5 ROOM,Improved,22 TO 24,137,120
1707,5 ROOM,Improved,25 TO 27,105,100
1708,5 ROOM,Improved,25 TO 27,110,100
1709,5 ROOM,Improved,25 TO 27,112,100
1710,5 ROOM,Improved,25 TO 27,113,100
1711,5 ROOM,Improved,25 TO 27,115,100
1712,5 ROOM,Improved,25 TO 27,118,100
1713,5 ROOM,Improved,25 TO 27,119,100
1714,5 ROOM,Improved,25 TO 27,120,120
1715,5 ROOM,Improved,25 TO 27,121,120
1716,5 ROOM,Improved,25 TO 27,124,120
1717,5 ROOM,Improved,28 TO 30,110,100
1718,5 ROOM,Improved,28 TO 30,112,100
1719,5 ROOM,Improved,28 TO 30,113,100
1720,5 ROOM,Improved,28 TO 30,115,100
1721,5 ROOM,Improved,28 TO 30,124,120
1722,5 ROOM,Improved,31 TO 33,110,100
1723,5 ROOM,Improved,31 TO 33,113,100
1724,5 ROOM,Improved,34 TO 36,113,100
1725,5 ROOM,Improved,37 TO 39,110,100
1726,5 ROOM,Improved,37 TO 39,113,100
1727,5 ROOM,Improved,40 TO 42,113,100
1728,5 ROOM,Improved,43 TO 45,113,100
1729,5 ROOM,Improved-Maisonette,01 TO 03,133,120
1730,5 ROOM,Improved-Maisonette,01 TO 03,137,120
1731,5 ROOM,Model A,01 TO 03,131,120
1732,5 ROOM,Model A,01 TO 03,132,120
1733,5 ROOM,Model A,01 TO 03,133,120
1734,5 ROOM,Model A,01 TO 03,134,120
1735,5 ROOM,Model A,01 TO 03,135,120
1736,5 ROOM,Model A,01 TO 03,136,120
1737,5 ROOM,Model A,01 TO 03,137,120
1738,5 ROOM,Model A,01 TO 03,138,120
1739,5 ROOM,Model A,01 TO 03,139,120
1740,5 ROOM,Model A,04 TO 06,131,120
1741,5 ROOM,Model A,04 TO 06,132,120
1742,5 ROOM,Model A,04 TO 06,133,120
1743,5 ROOM,Model A,04 TO 06,134,120
1744,5 ROOM,Model A,04 TO 06,135,120
1745,5 ROOM,Model A,04 TO 06,136,120
1746,5 ROOM,Model A,04 TO 06,137,120
1747,5 ROOM,Model A,04 TO 06,138,120
1748,5 ROOM,Model A,04 TO 06,139,120
1749,5 ROOM,Model A,04 TO 06,140,140
1750,5 ROOM,Model A,04 TO 06,141,140
1751,5 ROOM,Model A,04 TO 06,150,140
1752,5 ROOM,Model A,04 TO 06,151,140
1753,5 ROOM,Model A,07 TO 09,131,120
1754,5 ROOM,Model A,07 TO 09,132,120
1755,5 ROOM,Model A,07 TO 09,133,120
1756,5 ROOM,Model A,07 TO 09,134,120
1757,5 ROOM,Model A,07 TO 09,135,120
1758,5 ROOM,Model A,07 TO 09,136,120
1759,5 ROOM,Model A,07 TO 09,137,120
1760,5 ROOM,Model A,07 TO 09,138,120
1761,5 ROOM,Model A,07 TO 09,139,120
1762,5 ROOM,Model A,07 TO 09,150,140
1763,5 ROOM,Model A,10 TO 12,131,120
1764,5 ROOM,Model A,10 TO 12,132,120
1765,5 ROOM,Model A,10 TO 12,133,120
1766,5 ROOM,Model A,10 TO 12,134,120
1767,5 ROOM,Model A,10 TO 12,135,120
1768,5 ROOM,Model A,10 TO 12,136,120
1769,5 ROOM,Model A,10 TO 12,137,120
1770,5 ROOM,Model A,10 TO 12,138,120
1771,5 ROOM,Model A,10 TO 12,139,120
1772,5 ROOM,Model A,10 TO 12,140,140
1773,5 ROOM,Model A,13 TO 15,131,120
1774,5 ROOM,Model A,13 TO 15,132,120
1775,5 ROOM,Model A,13 TO 15,133,120
1776,5 ROOM,Model A,13 TO 15,134,120
1777,5 ROOM,Model A,13 TO 15,135,120
1778,5 ROOM,Model A,13 TO 15,136,120
1779,5 ROOM,Model A,16 TO 18,132,120
1780,5 ROOM,Model A,16 TO 18,135,120
1781,5 ROOM,Model A,16 TO 18,139,120
1782,5 ROOM,Model A,16 TO 18,144,140
1783,5 ROOM,Model A,19 TO 21,131,120
1784,5 ROOM,Model A,19 TO 21,132,120
1785,5 ROOM,Model A,19 TO 21,133,120
1786,5 ROOM,Model A,19 TO 21,136,120
1787,5 ROOM,Model A,19 TO 21,140,140
1788,5 ROOM,Model A,22 TO 24,132,120
1789,5 ROOM,Model A,22 TO 24,138,120
1790,5 ROOM,Model A,22 TO 24,141,140
1791,5 ROOM,Model A-Maisonette,01 TO 03,137,120
1792,5 ROOM,Model A-Maisonette,01 TO 03,138,120
1793,5 ROOM,Model A-Maisonette,01 TO 03,139,120
1794,5 ROOM,Model A-Maisonette,01 TO 03,140,140
1795,5 ROOM,Model A-Maisonette,01 TO 03,141,140
1796,5 ROOM,Model A-Maisonette,01 TO 03,142,140
1797,5 ROOM,Model A-Maisonette,04 TO 06,137,120
1798,5 ROOM,Model A-Maisonette,04 TO 06,139,120
1799,5 ROOM,Model A-Maisonette,04 TO 06,140,140
1800,5 ROOM,Model A-Maisonette,04 TO 06,142,140
1801,5 ROOM,Model A-Maisonette,04 TO 06,147,140
1802,5 ROOM,Model A-Maisonette,07 TO 09,137,120
1803,5 ROOM,Model A-Maisonette,07 TO 09,140,140
1804,5 ROOM,Model A-Maisonette,07 TO 09,142,140
1805,5 ROOM,Model A-Maisonette,10 TO 12,137,120
1806,5 ROOM,Model A-Maisonette,10 TO 12,138,120
1807,5 ROOM,Model A-Maisonette,10 TO 12,139,120
1808,5 ROOM,Model A-Maisonette,10 TO 12,140,140
1809,5 ROOM,Model A-Maisonette,10 TO 12,143,140
1810,5 ROOM,Model A-Maisonette,10 TO 12,147,140
1811,5 ROOM,Model A-Maisonette,13 TO 15,142,140
1812,5 ROOM,Premium Apartment,01 TO 03,110,100
1813,5 ROOM,Premium Apartment,01 TO 03,111,100
1814,5 ROOM,Premium Apartment,01 TO 03,112,100
1815,5 ROOM,Premium Apartment,01 TO 03,113,100
1816,5 ROOM,Premium Apartment,01 TO 03,114,100
1817,5 ROOM,Premium Apartment,01 TO 03,115,100
1818,5 ROOM,Premium Apartment,01 TO 03,116,100
1819,5 ROOM,Premium Apartment,01 TO 03,117,100
1820,5 ROOM,Premium Apartment,01 TO 03,118,100
1821,5 ROOM,Premium Apartment,01 TO 03,121,120
1822,5 ROOM,Premium Apartment,01 TO 03,122,120
1823,5 ROOM,Premium Apartment,01 TO 03,123,120
1824,5 ROOM,Premium Apartment,01 TO 03,124,120
1825,5 ROOM,Premium Apartment,01 TO 03,125,120
1826,5 ROOM,Premium Apartment,01 TO 03,126,120
1827,5 ROOM,Premium Apartment,01 TO 03,127,120
1828,5 ROOM,Premium Apartment,01 TO 03,128,120
1829,5 ROOM,Premium Apartment,04 TO 06,109,100
1830,5 ROOM,Premium Apartment,04 TO 06,110,100
1831,5 ROOM,Premium Apartment,04 TO 06,111,100
1832,5 ROOM,Premium Apartment,04 TO 06,112,100
1833,5 ROOM,Premium Apartment,04 TO 06,113,100
1834,5 ROOM,Premium Apartment,04 TO 06,114,100
1835,5 ROOM,Premium Apartment,04 TO 06,115,100
1836,5 ROOM,Premium Apartment,04 TO 06,116,100
1837,5 ROOM,Premium Apartment,04 TO 06,118,100
1838,5 ROOM,Premium Apartment,04 TO 06,119,100
1839,5 ROOM,Premium Apartment,04 TO 06,120,120
1840,5 ROOM,Premium Apartment,04 TO 06,121,120
1841,5 ROOM,Premium Apartment,04 TO 06,122,120
1842,5 ROOM,Premium Apartment,04 TO 06,123,120
1843,5 ROOM,Premium Apartment,04 TO 06,124,120
1844,5 ROOM,Premium Apartment,04 TO 06,125,120
1845,5 ROOM,Premium Apartment,04 TO 06,126,120
1846,5 ROOM,Premium Apartment,04 TO 06,128,120
1847,5 ROOM,Premium Apartment,04 TO 06,129,120
1848,5 ROOM,Premium Apartment,04 TO 06,130,120
1849,5 ROOM,Premium Apartment,04 TO 06,131,120
1850,5 ROOM,Premium Apartment,07 TO 09,99,80
1851,5 ROOM,Premium Apartment,07 TO 09,109,100
1852,5 ROOM,Premium Apartment,07 TO 09,110,100
1853,5 ROOM,Premium Apartment,07 TO 09,111,100
1854,5 ROOM,Premium Apartment,07 TO 09,112,100
1855,5 ROOM,Premium Apartment,07 TO 09,113,100
1856,5 ROOM,Premium Apartment,07 TO 09,114,100
1857,5 ROOM,Premium Apartment,07 TO 09,115,100
1858,5 ROOM,Premium Apartment,07 TO 09,116,100
1859,5 ROOM,Premium Apartment,07 TO 09,120,120
1860,5 ROOM,Premium Apartment,07 TO 09,121,120
1861,5 ROOM,Premium Apartment,07 TO 09,122,120
1862,5 ROOM,Premium Apartment,07 TO 09,123,120
1863,5 ROOM,Premium Apartment,07 TO 09,124,120
1864,5 ROOM,Premium Apartment,07 TO 09,125,120
1865,5 ROOM,Premium Apartment,07 TO 09,126,120
1866,5 ROOM,Premium Apartment,07 TO 09,127,120
1867,5 ROOM,Premium Apartment,07 TO 09,128,120
1868,5 ROOM,Premium Apartment,10 TO 12,109,100
1869,5 ROOM,Premium Apartment,10 TO 12,110,100
1870,5 ROOM,Premium Apartment,10 TO 12,111,100
1871,5 ROOM,Premium Apartment,10 TO 12,112,100
1872,5 ROOM,Premium Apartment,10 TO 12,113,100
1873,5 ROOM,Premium Apartment,10 TO 12,114,100
1874,5 ROOM,Premium Apartment,10 TO 12,115,100
1875,5 ROOM,Premium Apartment,10 TO 12,118,100
1876,5 ROOM,Premium Apartment,10 TO 12,120,120
1877,5 ROOM,Premium Apartment,10 TO 12,121,120
1878,5 ROOM,Premium Apartment,10 TO 12,122,120
1879,5 ROOM,Premium Apartment,10 TO 12,123,120
1880,5 ROOM,Premium Apartment,10 TO 12,124,120
1881,5 ROOM,Premium Apartment,10 TO 12,125,120
1882,5 ROOM,Premium Apartment,10 TO 12,126,120
1883,5 ROOM,Premium Apartment,10 TO 12,127,120
1884,5 ROOM,Premium Apartment,10 TO 12,128,120
1885,5 ROOM,Premium Apartment,10 TO 12,129,120
1886,5 ROOM,Premium Apartment,10 TO 12,130,120
1887,5 ROOM,Premium Apartment,10 TO 12,131,120
1888,5 ROOM,Premium Apartment,13 TO 15,110,100
1889,5 ROOM,Premium Apartment,13 TO 15,111,100
1890,5 ROOM,Premium Apartment,13 TO 15,112,100
1891,5 ROOM,Premium Apartment,13 TO 15,113,100
1892,5 ROOM,Premium Apartment,13 TO 15,114,100
1893,5 ROOM,Premium Apartment,13 TO 15,115,100
1894,5 ROOM,Premium Apartment,13 TO 15,116,100
1895,5 ROOM,Premium Apartment,13 TO 15,117,100
1896,5 ROOM,Premium Apartment,13 TO 15,118,100
1897,5 ROOM,Premium Apartment,13 TO 15,119,100
1898,5 ROOM,Premium Apartment,13 TO 15,120,120
1899,5 ROOM,Premium Apartment,13 TO 15,121,120
1900,5 ROOM,Premium Apartment,13 TO 15,122,120
1901,5 ROOM,Premium Apartment,13 TO 15,123,120
1902,5 ROOM,Premium Apartment,13 TO 15,124,120
1903,5 ROOM,Premium Apartment,13 TO 15,127,120
1904,5 ROOM,Premium Apartment,16 TO 18,110,100
1905,5 ROOM,Premium Apartment,16 TO 18,111,100
1906,5 ROOM,Premium Apartment,16 TO 18,112,100
1907,5 ROOM,Premium Apartment,16 TO 18,113,100
1908,5 ROOM,Premium Apartment,16 TO 18,114,100
1909,5 ROOM,Premium Apartment,16 TO 18,115,100
1910,5 ROOM,Premium Apartment,16 TO 18,116,100
1911,5 ROOM,Premium Apartment,16 TO 18,117,100
1912,5 ROOM,Premium Apartment,16 TO 18,121,120
1913,5 ROOM,Premium Apartment,16 TO 18,123,120
1914,5 ROOM,Premium Apartment,19 TO 21,110,100
1915,5 ROOM,Premium Apartment,19 TO 21,111,100
1916,5 ROOM,Premium Apartment,19 TO 21,112,100
1917,5 ROOM,Premium Apartment,19 TO 21,113,100
1918,5 ROOM,Premium Apartment,19 TO 21,114,100
1919,5 ROOM,Premium Apartment,19 TO 21,115,100
1920,5 ROOM,Premium Apartment,19 TO 21,116,100
1921,5 ROOM,Premium Apartment,19 TO 21,121,120
1922,5 ROOM,Premium Apartment,22 TO 24,108,100
1923,5 ROOM,Premium Apartment,22 TO 24,112,100
1924,5 ROOM,Premium Apartment,22 TO 24,113,100
1925,5 ROOM,Premium Apartment,22 TO 24,115,100
1926,5 ROOM,Premium Apartment,22 TO 24,121,120
1927,5 ROOM,Premium Apartment,25 TO 27,112,100
1928,5 ROOM,Premium Apartment,25 TO 27,113,100
1929,5 ROOM,Premium Apartment,25 TO 27,115,100
1930,5 ROOM,Premium Apartment,25 TO 27,121,120
1931,5 ROOM,Premium Apartment,28 TO 30,104,100
1932,5 ROOM,Premium Apartment,28 TO 30,110,100
1933,5 ROOM,Premium Apartment,28 TO 30,113,100
1934,5 ROOM,Premium Apartment,28 TO 30,115,100
1935,5 ROOM,Premium Apartment,28 TO 30,121,120
1936,5 ROOM,Premium Apartment,31 TO 33,104,100
1937,5 ROOM,Premium Apartment,31 TO 33,112,100
1938,5 ROOM,Premium Apartment,31 TO 33,113,100
1939,5 ROOM,Premium Apartment,34 TO 36,112,100
1940,5 ROOM,Premium Apartment,34 TO 36,113,100
1941,5 ROOM,Premium Apartment,37 TO 39,99,80
1942,5 ROOM,Premium Apartment,37 TO 39,104,100
1943,5 ROOM,Premium Apartment,37 TO 39,115,100
1944,5 ROOM,Premium Apartment Loft,13 TO 15,122,120
1945,5 ROOM,Premium Apartment Loft,16 TO 18,149,140
1946,5 ROOM,Standard,01 TO 03,114,100
1947,5 ROOM,Standard,01 TO 03,117,100
1948,5 ROOM,Standard,01 TO 03,118,100
1949,5 ROOM,Standard,01 TO 03,119,100
1950,5 ROOM,Standard,01 TO 03,120,120
1951,5 ROOM,Standard,01 TO 03,123,120
1952,5 ROOM,Standard,01 TO 03,125,120
1953,5 ROOM,Standard,01 TO 03,128,120
1954,5 ROOM,Standard,04 TO 06,117,100
1955,5 ROOM,Standard,04 TO 06,118,100
1956,5 ROOM,Standard,04 TO 06,119,100
1957,5 ROOM,Standard,04 TO 06,120,120
1958,5 ROOM,Standard,04 TO 06,121,120
1959,5 ROOM,Standard,04 TO 06,122,120
1960,5 ROOM,Standard,04 TO 06,123,120
1961,5 ROOM,Standard,04 TO 06,124,120
1962,5 ROOM,Standard,04 TO 06,125,120
1963,5 ROOM,Standard,04 TO 06,126,120
1964,5 ROOM,Standard,07 TO 09,112,100
1965,5 ROOM,Standard,07 TO 09,113,100
1966,5 ROOM,Standard,07 TO 09,114,100
1967,5 ROOM,Standard,07 TO 09,115,100
1968,5 ROOM,Standard,07 TO 09,117,100
1969,5 ROOM,Standard,07 TO 09,118,100
1970,5 ROOM,Standard,07 TO 09,119,100
1971,5 ROOM,Standard,07 TO 09,120,120
1972,5 ROOM,Standard,07 TO 09,121,120
1973,5 ROOM,Standard,07 TO 09,122,120
1974,5 ROOM,Standard,07 TO 09,123,120
1975,5 ROOM,Standard,07 TO 09,124,120
1976,5 ROOM,Standard,07 TO 09,125,120
1977,5 ROOM,Standard,10 TO 12,114,100
1978,5 ROOM,Standard,10 TO 12,117,100
1979,5 ROOM,Standard,10 TO 12,118,100
1980,5 ROOM,Standard,10 TO 12,119,100
1981,5 ROOM,Standard,10 TO 12,120,120
1982,5 ROOM,Standard,10 TO 12,121,120
1983,5 ROOM,Standard,10 TO 12,122,120
1984,5 ROOM,Standard,10 TO 12,123,120
1985,5 ROOM,Standard,10 TO 12,124,120
1986,5 ROOM,Standard,10 TO 12,126,120
1987,5 ROOM,Standard,13 TO 15,114,100
1988,5 ROOM,Standard,13 TO 15,115,100
1989,5 ROOM,Standard,13 TO 15,117,100
1990,5 ROOM,Standard,13 TO 15,118,100
1991,5 ROOM,Standard,13 TO 15,120,120
1992,5 ROOM,Standard,13 TO 15,122,120
1993,5 ROOM,Standard,13 TO 15,123,120
1994,5 ROOM,Standard,13 TO 15,124,120
1995,5 ROOM,Standard,13 TO 15,125,120
1996,5 ROOM,Standard,13 TO 15,126,120
1997,5 ROOM,Standard,16 TO 18,114,100
1998,5 ROOM,Standard,16 TO 18,117,100
1999,5 ROOM,Standard,16 TO 18,118,100
2000,5 ROOM,Standard,16 TO 18,120,120
2001,5 ROOM,Standard,16 TO 18,123,120
2002,5 ROOM,Standard,16 TO 18,124,120
2003,5 ROOM,Standard,16 TO 18,125,120
2004,5 ROOM,Standard,16 TO 18,126,120
2005,5 ROOM,Standard,16 TO 18,128,120
2006,5 ROOM,Standard,19 TO 21,114,100
2007,5 ROOM,Standard,19 TO 21,115,100
2008,5 ROOM,Standard,19 TO 21,117,100
2009,5 ROOM,Standard,19 TO 21,118,100
2010,5 ROOM,Standard,19 TO 21,119,100
2011,5 ROOM,Standard,19 TO 21,122,120
2012,5 ROOM,Standard,19 TO 21,123,120
2013,5 ROOM,Standard,19 TO 21,125,120
2014,5 ROOM,Standard,19 TO 21,126,120
2015,5 ROOM,Standard,22 TO 24,114,100
2016,5 ROOM,Standard,22 TO 24,115,100
2017,5 ROOM,Standard,22 TO 24,117,100
2018,5 ROOM,Standard,22 TO 24,118,100
2019,5 ROOM,Standard,22 TO 24,119,100
2020,5 ROOM,Standard,22 TO 24,120,120
2021,5 ROOM,Standard,22 TO 24,123,120
2022,5 ROOM,Standard,22 TO 24,124,120
2023,5 ROOM,Standard,22 TO 24,126,120
2024,5 ROOM,Standard,25 TO 27,114,100
2025,5 ROOM,Standard,25 TO 27,117,100
2026,5 ROOM,Standard,25 TO 27,118,100
2027,5 ROOM,Standard,25 TO 27,121,120
2028,5 ROOM,Standard,25 TO 27,123,120
2029,5 ROOM,Standard,25 TO 27,125,120
2030,5 ROOM,Standard,25 TO 27,126,120
2031,5 ROOM,Type S2,10 TO 12,106,100
2032,5 ROOM,Type S2,10 TO 12,107,100
2033,5 ROOM,Type S2,16 TO 18,105,100
2034,5 ROOM,Type S2,22 TO 24,105,100
2035,5 ROOM,Type S2,22 TO 24,107,100
2036,5 ROOM,Type S2,28 TO 30,105,100
2037,5 ROOM,Type S2,28 TO 30,107,100
2038,5 ROOM,Type S2,37 TO 39,106,100
2039,5 ROOM,Type S2,40 TO 42,106,100
2040,5 ROOM,Type S2,43 TO 45,106,100
2041,EXECUTIVE,Adjoined flat,01 TO 03,148,140
2042,EXECUTIVE,Adjoined flat,01 TO 03,163,160
2043,EXECUTIVE,Adjoined flat,04 TO 06,149,140
2044,EXECUTIVE,Adjoined flat,04 TO 06,176,160
2045,EXECUTIVE,Adjoined flat,07 TO 09,146,140
2046,EXECUTIVE,Adjoined flat,07 TO 09,148,140
2047,EXECUTIVE,Adjoined flat,07 TO 09,158,140
2048,EXECUTIVE,Adjoined flat,07 TO 09,162,160
2049,EXECUTIVE,Adjoined flat,07 TO 09,164,160
2050,EXECUTIVE,Adjoined flat,10 TO 12,144,140
2051,EXECUTIVE,Adjoined flat,10 TO 12,149,140
2052,EXECUTIVE,Adjoined flat,10 TO 12,163,160
2053,EXECUTIVE,Adjoined flat,10 TO 12,164,160
2054,EXECUTIVE,Adjoined flat,13 TO 15,156,140
2055,EXECUTIVE,Adjoined flat,13 TO 15,176,160
2056,EXECUTIVE,Apartment,01 TO 03,125,120
2057,EXECUTIVE,Apartment,01 TO 03,126,120
2058,EXECUTIVE,Apartment,01 TO 03,129,120
2059,EXECUTIVE,Apartment,01 TO 03,130,120
2060,EXECUTIVE,Apartment,01 TO 03,131,120
2061,EXECUTIVE,Apartment,01 TO 03,135,120
2062,EXECUTIVE,Apartment,01 TO 03,136,120
2063,EXECUTIVE,Apartment,01 TO 03,137,120
2064,EXECUTIVE,Apartment,01 TO 03,138,120
2065,EXECUTIVE,Apartment,01 TO 03,140,140
2066,EXECUTIVE,Apartment,01 TO 03,141,140
2067,EXECUTIVE,Apartment,01 TO 03,142,140
2068,EXECUTIVE,Apartment,01 TO 03,143,140
2069,EXECUTIVE,Apartment,01 TO 03,144,140
2070,EXECUTIVE,Apartment,01 TO 03,145,140
2071,EXECUTIVE,Apartment,01 TO 03,146,140
2072,EXECUTIVE,Apartment,01 TO 03,147,140
2073,EXECUTIVE,Apartment,01 TO 03,148,140
2074,EXECUTIVE,Apartment,01 TO 03,149,140
2075,EXECUTIVE,Apartment,01 TO 03,150,140
2076,EXECUTIVE,Apartment,01 TO 03,151,140
2077,EXECUTIVE,Apartment,01 TO 03,152,140
2078,EXECUTIVE,Apartment,01 TO 03,154,140
2079,EXECUTIVE,Apartment,01 TO 03,159,140
2080,EXECUTIVE,Apartment,01 TO 03,164,160
2081,EXECUTIVE,Apartment,01 TO 03,165,160
2082,EXECUTIVE,Apartment,01 TO 03,166,160
2083,EXECUTIVE,Apartment,01 TO 03,169,160
2084,EXECUTIVE,Apartment,01 TO 03,172,160
2085,EXECUTIVE,Apartment,01 TO 03,173,160
2086,EXECUTIVE,Apartment,01 TO 03,177,160
2087,EXECUTIVE,Apartment,01 TO 03,179,160
2088,EXECUTIVE,Apartment,01 TO 03,182,180
2089,EXECUTIVE,Apartment,01 TO 03,184,180
2090,EXECUTIVE,Apartment,01 TO 03,189,180
2091,EXECUTIVE,Apartment,01 TO 03,192,180
2092,EXECUTIVE,Apartment,04 TO 06,125,120
2093,EXECUTIVE,Apartment,04 TO 06,126,120
2094,EXECUTIVE,Apartment,04 TO 06,127,120
2095,EXECUTIVE,Apartment,04 TO 06,128,120
2096,EXECUTIVE,Apartment,04 TO 06,130,120
2097,EXECUTIVE,Apartment,04 TO 06,131,120
2098,EXECUTIVE,Apartment,04 TO 06,133,120
2099,EXECUTIVE,Apartment,04 TO 06,135,120
2100,EXECUTIVE,Apartment,04 TO 06,137,120
2101,EXECUTIVE,Apartment,04 TO 06,139,120
2102,EXECUTIVE,Apartment,04 TO 06,140,140
2103,EXECUTIVE,Apartment,04 TO 06,141,140
2104,EXECUTIVE,Apartment,04 TO 06,142,140
2105,EXECUTIVE,Apartment,04 TO 06,143,140
2106,EXECUTIVE,Apartment,04 TO 06,144,140
2107,EXECUTIVE,Apartment,04 TO 06,145,140
2108,EXECUTIVE,Apartment,04 TO 06,146,140
2109,EXECUTIVE,Apartment,04 TO 06,147,140
2110,EXECUTIVE,Apartment,04 TO 06,148,140
2111,EXECUTIVE,Apartment,04 TO 06,149,140
2112,EXECUTIVE,Apartment,04 TO 06,150,140
2113,EXECUTIVE,Apartment,04 TO 06,151,140
2114,EXECUTIVE,Apartment,04 TO 06,152,140
2115,EXECUTIVE,Apartment,04 TO 06,153,140
2116,EXECUTIVE,Apartment,04 TO 06,154,140
2117,EXECUTIVE,Apartment,04 TO 06,155,140
2118,EXECUTIVE,Apartment,04 TO 06,160,160
2119,EXECUTIVE,Apartment,04 TO 06,161,160
2120,EXECUTIVE,Apartment,04 TO 06,164,160
2121,EXECUTIVE,Apartment,04 TO 06,172,160
2122,EXECUTIVE,Apartment,04 TO 06,174,160
2123,EXECUTIVE,Apartment,04 TO 06,176,160
2124,EXECUTIVE,Apartment,04 TO 06,177,160
2125,EXECUTIVE,Apartment,04 TO 06,179,160
2126,EXECUTIVE,Apartment,04 TO 06,181,180
2127,EXECUTIVE,Apartment,04 TO 06,189,180
2128,EXECUTIVE,Apartment,04 TO 06,192,180
2129,EXECUTIVE,Apartment,07 TO 09,125,120
2130,EXECUTIVE,Apartment,07 TO 09,127,120
2131,EXECUTIVE,Apartment,07 TO 09,130,120
2132,EXECUTIVE,Apartment,07 TO 09,131,120
2133,EXECUTIVE,Apartment,07 TO 09,132,120
2134,EXECUTIVE,Apartment,07 TO 09,136,120
2135,EXECUTIVE,Apartment,07 TO 09,137,120
2136,EXECUTIVE,Apartment,07 TO 09,139,120
2137,EXECUTIVE,Apartment,07 TO 09,140,140
2138,EXECUTIVE,Apartment,07 TO 09,141,140
2139,EXECUTIVE,Apartment,07 TO 09,142,140
2140,EXECUTIVE,Apartment,07 TO 09,143,140
2141,EXECUTIVE,Apartment,07 TO 09,144,140
2142,EXECUTIVE,Apartment,07 TO 09,145,140
2143,EXECUTIVE,Apartment,07 TO 09,146,140
2144,EXECUTIVE,Apartment,07 TO 09,147,140
2145,EXECUTIVE,Apartment,07 TO 09,148,140
2146,EXECUTIVE,Apartment,07 TO 09,149,140
2147,EXECUTIVE,Apartment,07 TO 09,150,140
2148,EXECUTIVE,Apartment,07 TO 09,151,140
2149,EXECUTIVE,Apartment,07 TO 09,152,140
2150,EXECUTIVE,Apartment,07 TO 09,154,140
2151,EXECUTIVE,Apartment,07 TO 09,155,140
2152,EXECUTIVE,Apartment,07 TO 09,162,160
2153,EXECUTIVE,Apartment,07 TO 09,163,160
2154,EXECUTIVE,Apartment,07 TO 09,164,160
2155,EXECUTIVE,Apartment,07 TO 09,166,160
2156,EXECUTIVE,Apartment,07 TO 09,170,160
2157,EXECUTIVE,Apartment,07 TO 09,173,160
2158,EXECUTIVE,Apartment,07 TO 09,176,160
2159,EXECUTIVE,Apartment,07 TO 09,177,160
2160,EXECUTIVE,Apartment,07 TO 09,181,180
2161,EXECUTIVE,Apartment,07 TO 09,189,180
2162,EXECUTIVE,Apartment,07 TO 09,192,180
2163,EXECUTIVE,Apartment,10 TO 12,125,120
2164,EXECUTIVE,Apartment,10 TO 12,128,120
2165,EXECUTIVE,Apartment,10 TO 12,130,120
2166,EXECUTIVE,Apartment,10 TO 12,131,120
2167,EXECUTIVE,Apartment,10 TO 12,137,120
2168,EXECUTIVE,Apartment,10 TO 12,138,120
2169,EXECUTIVE,Apartment,10 TO 12,139,120
2170,EXECUTIVE,Apartment,10 TO 12,140,140
2171,EXECUTIVE,Apartment,10 TO 12,141,140
2172,EXECUTIVE,Apartment,10 TO 12,142,140
2173,EXECUTIVE,Apartment,10 TO 12,143,140
2174,EXECUTIVE,Apartment,10 TO 12,144,140
2175,EXECUTIVE,Apartment,10 TO 12,145,140
2176,EXECUTIVE,Apartment,10 TO 12,146,140
2177,EXECUTIVE,Apartment,10 TO 12,147,140
2178,EXECUTIVE,Apartment,10 TO 12,148,140
2179,EXECUTIVE,Apartment,10 TO 12,149,140
2180,EXECUTIVE,Apartment,10 TO 12,150,140
2181,EXECUTIVE,Apartment,10 TO 12,152,140
2182,EXECUTIVE,Apartment,10 TO 12,154,140
2183,EXECUTIVE,Apartment,10 TO 12,156,140
2184,EXECUTIVE,Apartment,10 TO 12,161,160
2185,EXECUTIVE,Apartment,10 TO 12,163,160
2186,EXECUTIVE,Apartment,10 TO 12,164,160
2187,EXECUTIVE,Apartment,10 TO 12,172,160
2188,EXECUTIVE,Apartment,10 TO 12,177,160
2189,EXECUTIVE,Apartment,10 TO 12,179,160
2190,EXECUTIVE,Apartment,10 TO 12,189,180
2191,EXECUTIVE,Apartment,10 TO 12,192,180
2192,EXECUTIVE,Apartment,13 TO 15,125,120
2193,EXECUTIVE,Apartment,13 TO 15,126,120
2194,EXECUTIVE,Apartment,13 TO 15,128,120
2195,EXECUTIVE,Apartment,13 TO 15,130,120
2196,EXECUTIVE,Apartment,13 TO 15,131,120
2197,EXECUTIVE,Apartment,13 TO 15,132,120
2198,EXECUTIVE,Apartment,13 TO 15,135,120
2199,EXECUTIVE,Apartment,13 TO 15,137,120
2200,EXECUTIVE,Apartment,13 TO 15,140,140
2201,EXECUTIVE,Apartment,13 TO 15,141,140
2202,EXECUTIVE,Apartment,13 TO 15,142,140
2203,EXECUTIVE,Apartment,13 TO 15,143,140
2204,EXECUTIVE,Apartment,13 TO 15,144,140
2205,EXECUTIVE,Apartment,13 TO 15,145,140
2206,EXECUTIVE,Apartment,13 TO 15,146,140
2207,EXECUTIVE,Apartment,13 TO 15,148,140
2208,EXECUTIVE,Apartment,13 TO 15,149,140
2209,EXECUTIVE,Apartment,13 TO 15,152,140
2210,EXECUTIVE,Apartment,13 TO 15,159,140
2211,EXECUTIVE,Apartment,13 TO 15,163,160
2212,EXECUTIVE,Apartment,16 TO 18,130,120
2213,EXECUTIVE,Apartment,16 TO 18,131,120
2214,EXECUTIVE,Apartment,16 TO 18,140,140
2215,EXECUTIVE,Apartment,16 TO 18,141,140
2216,EXECUTIVE,Apartment,16 TO 18,143,140
2217,EXECUTIVE,Apartment,16 TO 18,144,140
2218,EXECUTIVE,Apartment,16 TO 18,146,140
2219,EXECUTIVE,Apartment,16 TO 18,147,140
2220,EXECUTIVE,Apartment,16 TO 18,150,140
2221,EXECUTIVE,Apartment,19 TO 21,131,120
2222,EXECUTIVE,Apartment,19 TO 21,140,140
2223,EXECUTIVE,Apartment,19 TO 21,141,140
2224,EXECUTIVE,Apartment,19 TO 21,143,140
2225,EXECUTIVE,Apartment,22 TO 24,125,120
2226,EXECUTIVE,Apartment,22 TO 24,140,140
2227,EXECUTIVE,Maisonette,01 TO 03,140,140
2228,EXECUTIVE,Maisonette,01 TO 03,141,140
2229,EXECUTIVE,Maisonette,01 TO 03,142,140
2230,EXECUTIVE,Maisonette,01 TO 03,143,140
2231,EXECUTIVE,Maisonette,01 TO 03,144,140
2232,EXECUTIVE,Maisonette,01 TO 03,145,140
2233,EXECUTIVE,Maisonette,01 TO 03,146,140
2234,EXECUTIVE,Maisonette,01 TO 03,147,140
2235,EXECUTIVE,Maisonette,01 TO 03,148,140
2236,EXECUTIVE,Maisonette,01 TO 03,149,140
2237,EXECUTIVE,Maisonette,01 TO 03,150,140
2238,EXECUTIVE,Maisonette,01 TO 03,151,140
2239,EXECUTIVE,Maisonette,01 TO 03,152,140
2240,EXECUTIVE,Maisonette,01 TO 03,153,140
2241,EXECUTIVE,Maisonette,01 TO 03,154,140
2242,EXECUTIVE,Maisonette,01 TO 03,155,140
2243,EXECUTIVE,Maisonette,01 TO 03,156,140
2244,EXECUTIVE,Maisonette,01 TO 03,157,140
2245,EXECUTIVE,Maisonette,01 TO 03,161,160
2246,EXECUTIVE,Maisonette,01 TO 03,165,160
2247,EXECUTIVE,Maisonette,01 TO 03,166,160
2248,EXECUTIVE,Maisonette,04 TO 06,139,120
2249,EXECUTIVE,Maisonette,04 TO 06,141,140
2250,EXECUTIVE,Maisonette,04 TO 06,142,140
2251,EXECUTIVE,Maisonette,04 TO 06,143,140
2252,EXECUTIVE,Maisonette,04 TO 06,144,140
2253,EXECUTIVE,Maisonette,04 TO 06,145,140
2254,EXECUTIVE,Maisonette,04 TO 06,146,140
2255,EXECUTIVE,Maisonette,04 TO 06,147,140
2256,EXECUTIVE,Maisonette,04 TO 06,148,140
2257,EXECUTIVE,Maisonette,04 TO 06,149,140
2258,EXECUTIVE,Maisonette,04 TO 06,150,140
2259,EXECUTIVE,Maisonette,04 TO 06,151,140
2260,EXECUTIVE,Maisonette,04 TO 06,152,140
2261,EXECUTIVE,Maisonette,04 TO 06,153,140
2262,EXECUTIVE,Maisonette,04 TO 06,154,140
2263,EXECUTIVE,Maisonette,04 TO 06,155,140
2264,EXECUTIVE,Maisonette,04 TO 06,156,140
2265,EXECUTIVE,Maisonette,04 TO 06,157,140
2266,EXECUTIVE,Maisonette,04 TO 06,165,160
2267,EXECUTIVE,Maisonette,07 TO 09,141,140
2268,EXECUTIVE,Maisonette,07 TO 09,142,140
2269,EXECUTIVE,Maisonette,07 TO 09,143,140
2270,EXECUTIVE,Maisonette,07 TO 09,144,140
2271,EXECUTIVE,Maisonette,07 TO 09,145,140
2272,EXECUTIVE,Maisonette,07 TO 09,146,140
2273,EXECUTIVE,Maisonette,07 TO 09,147,140
2274,EXECUTIVE,Maisonette,07 TO 09,148,140
2275,EXECUTIVE,Maisonette,07 TO 09,149,140
2276,EXECUTIVE,Maisonette,07 TO 09,150,140
2277,EXECUTIVE,Maisonette,07 TO 09,151,140
2278,EXECUTIVE,Maisonette,07 TO 09,154,140
2279,EXECUTIVE,Maisonette,07 TO 09,155,140
2280,EXECUTIVE,Maisonette,07 TO 09,157,140
2281,EXECUTIVE,Maisonette,10 TO 12,141,140
2282,EXECUTIVE,Maisonette,10 TO 12,142,140
2283,EXECUTIVE,Maisonette,10 TO 12,143,140
2284,EXECUTIVE,Maisonette,10 TO 12,144,140
2285,EXECUTIVE,Maisonette,10 TO 12,145,140
2286,EXECUTIVE,Maisonette,10 TO 12,146,140
2287,EXECUTIVE,Maisonette,10 TO 12,147,140
2288,EXECUTIVE,Maisonette,10 TO 12,148,140
2289,EXECUTIVE,Maisonette,10 TO 12,149,140
2290,EXECUTIVE,Maisonette,10 TO 12,150,140
2291,EXECUTIVE,Maisonette,10 TO 12,151,140
2292,EXECUTIVE,Maisonette,10 TO 12,152,140
2293,EXECUTIVE,Maisonette,10 TO 12,153,140
2294,EXECUTIVE,Maisonette,10 TO 12,154,140
2295,EXECUTIVE,Maisonette,10 TO 12,155,140
2296,EXECUTIVE,Maisonette,10 TO 12,156,140
2297,EXECUTIVE,Maisonette,10 TO 12,157,140
2298,EXECUTIVE,Maisonette,10 TO 12,159,140
2299,EXECUTIVE,Maisonette,10 TO 12,182,180
2300,EXECUTIVE,Maisonette,13 TO 15,142,140
2301,EXECUTIVE,Maisonette,13 TO 15,143,140
2302,EXECUTIVE,Maisonette,13 TO 15,145,140
2303,EXECUTIVE,Maisonette,13 TO 15,146,140
2304,EXECUTIVE,Maisonette,13 TO 15,150,140
2305,EXECUTIVE,Maisonette,13 TO 15,157,140
2306,EXECUTIVE,Maisonette,16 TO 18,142,140
2307,EXECUTIVE,Maisonette,16 TO 18,146,140
2308,EXECUTIVE,Maisonette,16 TO 18,147,140
2309,EXECUTIVE,Maisonette,16 TO 18,155,140
2310,EXECUTIVE,Maisonette,19 TO 21,172,160
2311,EXECUTIVE,Maisonette,22 TO 24,163,160
2312,EXECUTIVE,Premium Apartment,01 TO 03,125,120
2313,EXECUTIVE,Premium Apartment,01 TO 03,129,120
2314,EXECUTIVE,Premium Apartment,01 TO 03,130,120
2315,EXECUTIVE,Premium Apartment,01 TO 03,132,120
2316,EXECUTIVE,Premium Apartment,01 TO 03,133,120
2317,EXECUTIVE,Premium Apartment,01 TO 03,134,120
2318,EXECUTIVE,Premium Apartment,01 TO 03,135,120
2319,EXECUTIVE,Premium Apartment,01 TO 03,141,140
2320,EXECUTIVE,Premium Apartment,01 TO 03,142,140
2321,EXECUTIVE,Premium Apartment,01 TO 03,144,140
2322,EXECUTIVE,Premium Apartment,01 TO 03,145,140
2323,EXECUTIVE,Premium Apartment,01 TO 03,146,140
2324,EXECUTIVE,Premium Apartment,01 TO 03,147,140
2325,EXECUTIVE,Premium Apartment,04 TO 06,125,120
2326,EXECUTIVE,Premium Apartment,04 TO 06,128,120
2327,EXECUTIVE,Premium Apartment,04 TO 06,129,120
2328,EXECUTIVE,Premium Apartment,04 TO 06,130,120
2329,EXECUTIVE,Premium Apartment,04 TO 06,131,120
2330,EXECUTIVE,Premium Apartment,04 TO 06,132,120
2331,EXECUTIVE,Premium Apartment,04 TO 06,134,120
2332,EXECUTIVE,Premium Apartment,04 TO 06,137,120
2333,EXECUTIVE,Premium Apartment,04 TO 06,140,140
2334,EXECUTIVE,Premium Apartment,04 TO 06,141,140
2335,EXECUTIVE,Premium Apartment,04 TO 06,142,140
2336,EXECUTIVE,Premium Apartment,04 TO 06,143,140
2337,EXECUTIVE,Premium Apartment,07 TO 09,125,120
2338,EXECUTIVE,Premium Apartment,07 TO 09,126,120
2339,EXECUTIVE,Premium Apartment,07 TO 09,128,120
2340,EXECUTIVE,Premium Apartment,07 TO 09,130,120
2341,EXECUTIVE,Premium Apartment,07 TO 09,131,120
2342,EXECUTIVE,Premium Apartment,07 TO 09,132,120
2343,EXECUTIVE,Premium Apartment,07 TO 09,133,120
2344,EXECUTIVE,Premium Apartment,07 TO 09,134,120
2345,EXECUTIVE,Premium Apartment,07 TO 09,136,120
2346,EXECUTIVE,Premium Apartment,07 TO 09,137,120
2347,EXECUTIVE,Premium Apartment,07 TO 09,138,120
2348,EXECUTIVE,Premium Apartment,07 TO 09,139,120
2349,EXECUTIVE,Premium Apartment,07 TO 09,141,140
2350,EXECUTIVE,Premium Apartment,07 TO 09,144,140
2351,EXECUTIVE,Premium Apartment,07 TO 09,145,140
2352,EXECUTIVE,Premium Apartment,07 TO 09,147,140
2353,EXECUTIVE,Premium Apartment,10 TO 12,126,120
2354,EXECUTIVE,Premium Apartment,10 TO 12,128,120
2355,EXECUTIVE,Premium Apartment,10 TO 12,130,120
2356,EXECUTIVE,Premium Apartment,10 TO 12,131,120
2357,EXECUTIVE,Premium Apartment,10 TO 12,133,120
2358,EXECUTIVE,Premium Apartment,10 TO 12,139,120
2359,EXECUTIVE,Premium Apartment,10 TO 12,141,140
2360,EXECUTIVE,Premium Apartment,10 TO 12,142,140
2361,EXECUTIVE,Premium Apartment,10 TO 12,143,140
2362,EXECUTIVE,Premium Apartment,10 TO 12,145,140
2363,EXECUTIVE,Premium Apartment,13 TO 15,126,120
2364,EXECUTIVE,Premium Apartment,13 TO 15,127,120
2365,EXECUTIVE,Premium Apartment,13 TO 15,128,120
2366,EXECUTIVE,Premium Apartment,13 TO 15,130,120
2367,EXECUTIVE,Premium Apartment,13 TO 15,131,120
2368,EXECUTIVE,Premium Apartment,13 TO 15,132,120
2369,EXECUTIVE,Premium Apartment,13 TO 15,133,120
2370,EXECUTIVE,Premium Apartment,13 TO 15,134,120
2371,EXECUTIVE,Premium Apartment,13 TO 15,135,120
2372,EXECUTIVE,Premium Apartment,13 TO 15,136,120
2373,EXECUTIVE,Premium Apartment,13 TO 15,137,120
2374,EXECUTIVE,Premium Apartment,13 TO 15,142,140
2375,EXECUTIVE,Premium Apartment,16 TO 18,127,120
2376,EXECUTIVE,Premium Apartment,16 TO 18,128,120
2377,EXECUTIVE,Premium Apartment,16 TO 18,130,120
2378,EXECUTIVE,Premium Apartment,16 TO 18,131,120
2379,EXECUTIVE,Premium Apartment,16 TO 18,134,120
2380,EXECUTIVE,Premium Apartment,16 TO 18,137,120
2381,EXECUTIVE,Premium Apartment,28 TO 30,127,120
2382,MULTI-GENERATION,Multi Generation,01 TO 03,179,160
2383,MULTI-GENERATION,Multi Generation,04 TO 06,159,140
2384,MULTI-GENERATION,Multi Generation,07 TO 09,179,160
